ggml_cuda_init: found 1 CUDA devices (Total VRAM: 32109 MiB):
  Device 0: NVIDIA GeForce RTX 5090, compute capability 12.0, VMM: yes, VRAM: 32109 MiB
llama_model_loader: additional 5 GGUFs metadata loaded.
llama_model_loader: loaded meta data with 47 key-value pairs and 747 tensors from /data/ai-data/models/Qwen3-Coder-480B-A35B-Instruct-Q4_K_M/Q4_K_M/Qwen3-Coder-480B-A35B-Instruct-Q4_K_M-00001-of-00006.gguf (version GGUF V3 (latest))
llama_model_loader: Dumping metadata keys/values. Note: KV overrides do not apply in this output.
llama_model_loader: - kv   0:                       general.architecture str              = qwen3moe
llama_model_loader: - kv   1:                               general.type str              = model
llama_model_loader: - kv   2:                               general.name str              = Qwen3-Coder-480B-A35B-Instruct
llama_model_loader: - kv   3:                           general.finetune str              = Instruct
llama_model_loader: - kv   4:                           general.basename str              = Qwen3-Coder-480B-A35B-Instruct
llama_model_loader: - kv   5:                       general.quantized_by str              = Unsloth
llama_model_loader: - kv   6:                         general.size_label str              = 480B-A35B
llama_model_loader: - kv   7:                            general.license str              = apache-2.0
llama_model_loader: - kv   8:                       general.license.link str              = https://huggingface.co/Qwen/Qwen3-Cod...
llama_model_loader: - kv   9:                           general.repo_url str              = https://huggingface.co/unsloth
llama_model_loader: - kv  10:                   general.base_model.count u32              = 1
llama_model_loader: - kv  11:                  general.base_model.0.name str              = Qwen3 Coder 480B A35B Instruct
llama_model_loader: - kv  12:          general.base_model.0.organization str              = Qwen
llama_model_loader: - kv  13:              general.base_model.0.repo_url str              = https://huggingface.co/Qwen/Qwen3-Cod...
llama_model_loader: - kv  14:                               general.tags arr[str,4]       = ["unsloth", "qwen3", "qwen", "text-ge...
llama_model_loader: - kv  15:                       qwen3moe.block_count u32              = 62
llama_model_loader: - kv  16:                    qwen3moe.context_length u32              = 262144
llama_model_loader: - kv  17:                  qwen3moe.embedding_length u32              = 6144
llama_model_loader: - kv  18:               qwen3moe.feed_forward_length u32              = 8192
llama_model_loader: - kv  19:              qwen3moe.attention.head_count u32              = 96
llama_model_loader: - kv  20:           qwen3moe.attention.head_count_kv u32              = 8
llama_model_loader: - kv  21:                    qwen3moe.rope.freq_base f32              = 10000000.000000
llama_model_loader: - kv  22:  qwen3moe.attention.layer_norm_rms_epsilon f32              = 0.000001
llama_model_loader: - kv  23:                 qwen3moe.expert_used_count u32              = 8
llama_model_loader: - kv  24:              qwen3moe.attention.key_length u32              = 128
llama_model_loader: - kv  25:            qwen3moe.attention.value_length u32              = 128
llama_model_loader: - kv  26:                      qwen3moe.expert_count u32              = 160
llama_model_loader: - kv  27:        qwen3moe.expert_feed_forward_length u32              = 2560
llama_model_loader: - kv  28: qwen3moe.expert_shared_feed_forward_length u32              = 0
llama_model_loader: - kv  29:                       tokenizer.ggml.model str              = gpt2
llama_model_loader: - kv  30:                         tokenizer.ggml.pre str              = qwen2
llama_model_loader: - kv  31:                      tokenizer.ggml.tokens arr[str,151936]  = ["!", "\"", "#", "$", "%", "&", "'", ...
llama_model_loader: - kv  32:                  tokenizer.ggml.token_type arr[i32,151936]  = [1, 1, 1, 1, 1, 1, 1, 1, 1, 1, 1, 1, ...
llama_model_loader: - kv  33:                      tokenizer.ggml.merges arr[str,151387]  = ["Ġ Ġ", "ĠĠ ĠĠ", "i n", "Ġ t",...
llama_model_loader: - kv  34:                tokenizer.ggml.eos_token_id u32              = 151645
llama_model_loader: - kv  35:            tokenizer.ggml.padding_token_id u32              = 151654
llama_model_loader: - kv  36:               tokenizer.ggml.add_bos_token bool             = false
llama_model_loader: - kv  37:                    tokenizer.chat_template str              = {#- Copyright 2025-present the Unslot...
llama_model_loader: - kv  38:               general.quantization_version u32              = 2
llama_model_loader: - kv  39:                          general.file_type u32              = 15
llama_model_loader: - kv  40:                      quantize.imatrix.file str              = Qwen3-Coder-480B-A35B-Instruct-GGUF/i...
llama_model_loader: - kv  41:                   quantize.imatrix.dataset str              = unsloth_calibration_Qwen3-Coder-480B-...
llama_model_loader: - kv  42:             quantize.imatrix.entries_count u32              = 434
llama_model_loader: - kv  43:              quantize.imatrix.chunks_count u32              = 694
llama_model_loader: - kv  44:                                   split.no u16              = 0
llama_model_loader: - kv  45:                        split.tensors.count i32              = 747
llama_model_loader: - kv  46:                                split.count u16              = 6
llama_model_loader: - type  f32:  311 tensors
llama_model_loader: - type q4_K:  375 tensors
llama_model_loader: - type q6_K:   61 tensors
print_info: file format = GGUF V3 (latest)
print_info: file type   = Q4_K - Medium
print_info: file size   = 270.13 GiB (4.83 BPW) 
llama_prepare_model_devices: using device CUDA0 (NVIDIA GeForce RTX 5090) (0000:01:00.0) - 28838 MiB free
init_tokenizer: initializing tokenizer for type 2
load: 0 unused tokens
load: control token: 151660 '<|fim_middle|>' is not marked as EOG
load: control token: 151659 '<|fim_prefix|>' is not marked as EOG
load: control token: 151653 '<|vision_end|>' is not marked as EOG
load: control token: 151648 '<|box_start|>' is not marked as EOG
load: control token: 151646 '<|object_ref_start|>' is not marked as EOG
load: control token: 151649 '<|box_end|>' is not marked as EOG
load: control-looking token: 128247 '</s>' was not control-type; this is probably a bug in the model. its type will be overridden
load: control token: 151655 '<|image_pad|>' is not marked as EOG
load: control token: 151651 '<|quad_end|>' is not marked as EOG
load: control token: 151647 '<|object_ref_end|>' is not marked as EOG
load: control token: 151652 '<|vision_start|>' is not marked as EOG
load: control token: 151654 '<|vision_pad|>' is not marked as EOG
load: control token: 151656 '<|video_pad|>' is not marked as EOG
load: control token: 151644 '<|im_start|>' is not marked as EOG
load: control token: 151661 '<|fim_suffix|>' is not marked as EOG
load: control token: 151650 '<|quad_start|>' is not marked as EOG
load: printing all EOG tokens:
load:   - 128247 ('</s>')
load:   - 151643 ('<|endoftext|>')
load:   - 151645 ('<|im_end|>')
load:   - 151662 ('<|fim_pad|>')
load:   - 151663 ('<|repo_name|>')
load:   - 151664 ('<|file_sep|>')
load: special tokens cache size = 27
load: token to piece cache size = 0.9311 MB
print_info: arch                  = qwen3moe
print_info: vocab_only            = 0
print_info: no_alloc              = 0
print_info: n_ctx_train           = 262144
print_info: n_embd_inp            = 6144
print_info: n_embd                = 6144
print_info: n_embd_out            = 6144
print_info: n_layer               = 62
print_info: n_layer_all           = 62
print_info: n_head                = 96
print_info: n_head_kv             = 8
print_info: n_rot                 = 128
print_info: n_swa                 = 0
print_info: is_swa_any            = 0
print_info: n_embd_head_k         = 128
print_info: n_embd_head_v         = 128
print_info: n_gqa                 = 12
print_info: n_embd_k_gqa          = 1024
print_info: n_embd_v_gqa          = 1024
print_info: f_norm_eps            = 0.0e+00
print_info: f_norm_rms_eps        = 1.0e-06
print_info: f_clamp_kqv           = 0.0e+00
print_info: f_max_alibi_bias      = 0.0e+00
print_info: f_logit_scale         = 0.0e+00
print_info: f_attn_scale          = 0.0e+00
print_info: f_attn_value_scale    = 0.0000
print_info: n_ff                  = 8192
print_info: n_expert              = 160
print_info: n_expert_used         = 8
print_info: n_expert_groups       = 0
print_info: n_group_used          = 0
print_info: causal attn           = 1
print_info: pooling type          = -1
print_info: rope type             = 2
print_info: rope scaling          = linear
print_info: freq_base_train       = 10000000.0
print_info: freq_scale_train      = 1
print_info: n_ctx_orig_yarn       = 262144
print_info: rope_yarn_log_mul     = 0.0000
print_info: rope_finetuned        = unknown
print_info: model type            = ?B
print_info: model params          = 480.15 B
print_info: general.name          = Qwen3-Coder-480B-A35B-Instruct
print_info: n_ff_exp              = 2560
print_info: vocab type            = BPE
print_info: n_vocab               = 151936
print_info: n_merges              = 151387
print_info: BOS token             = 11 ','
print_info: EOS token             = 151645 '<|im_end|>'
print_info: EOT token             = 151645 '<|im_end|>'
print_info: PAD token             = 151654 '<|vision_pad|>'
print_info: LF token              = 198 'Ċ'
print_info: FIM PRE token         = 151659 '<|fim_prefix|>'
print_info: FIM SUF token         = 151661 '<|fim_suffix|>'
print_info: FIM MID token         = 151660 '<|fim_middle|>'
print_info: FIM PAD token         = 151662 '<|fim_pad|>'
print_info: FIM REP token         = 151663 '<|repo_name|>'
print_info: FIM SEP token         = 151664 '<|file_sep|>'
print_info: EOG token             = 128247 '</s>'
print_info: EOG token             = 151643 '<|endoftext|>'
print_info: EOG token             = 151645 '<|im_end|>'
print_info: EOG token             = 151662 '<|fim_pad|>'
print_info: EOG token             = 151663 '<|repo_name|>'
print_info: EOG token             = 151664 '<|file_sep|>'
print_info: max token length      = 256
load_tensors: loading model tensors, this can take a while... (load_mode = mmap)
load_tensors: layer   0 assigned to device CUDA0, is_swa = 0
load_tensors: layer   1 assigned to device CUDA0, is_swa = 0
load_tensors: layer   2 assigned to device CUDA0, is_swa = 0
load_tensors: layer   3 assigned to device CUDA0, is_swa = 0
load_tensors: layer   4 assigned to device CUDA0, is_swa = 0
load_tensors: layer   5 assigned to device CUDA0, is_swa = 0
load_tensors: layer   6 assigned to device CUDA0, is_swa = 0
load_tensors: layer   7 assigned to device CUDA0, is_swa = 0
load_tensors: layer   8 assigned to device CUDA0, is_swa = 0
load_tensors: layer   9 assigned to device CUDA0, is_swa = 0
load_tensors: layer  10 assigned to device CUDA0, is_swa = 0
load_tensors: layer  11 assigned to device CUDA0, is_swa = 0
load_tensors: layer  12 assigned to device CUDA0, is_swa = 0
load_tensors: layer  13 assigned to device CUDA0, is_swa = 0
load_tensors: layer  14 assigned to device CUDA0, is_swa = 0
load_tensors: layer  15 assigned to device CUDA0, is_swa = 0
load_tensors: layer  16 assigned to device CUDA0, is_swa = 0
load_tensors: layer  17 assigned to device CUDA0, is_swa = 0
load_tensors: layer  18 assigned to device CUDA0, is_swa = 0
load_tensors: layer  19 assigned to device CUDA0, is_swa = 0
load_tensors: layer  20 assigned to device CUDA0, is_swa = 0
load_tensors: layer  21 assigned to device CUDA0, is_swa = 0
load_tensors: layer  22 assigned to device CUDA0, is_swa = 0
load_tensors: layer  23 assigned to device CUDA0, is_swa = 0
load_tensors: layer  24 assigned to device CUDA0, is_swa = 0
load_tensors: layer  25 assigned to device CUDA0, is_swa = 0
load_tensors: layer  26 assigned to device CUDA0, is_swa = 0
load_tensors: layer  27 assigned to device CUDA0, is_swa = 0
load_tensors: layer  28 assigned to device CUDA0, is_swa = 0
load_tensors: layer  29 assigned to device CUDA0, is_swa = 0
load_tensors: layer  30 assigned to device CUDA0, is_swa = 0
load_tensors: layer  31 assigned to device CUDA0, is_swa = 0
load_tensors: layer  32 assigned to device CUDA0, is_swa = 0
load_tensors: layer  33 assigned to device CUDA0, is_swa = 0
load_tensors: layer  34 assigned to device CUDA0, is_swa = 0
load_tensors: layer  35 assigned to device CUDA0, is_swa = 0
load_tensors: layer  36 assigned to device CUDA0, is_swa = 0
load_tensors: layer  37 assigned to device CUDA0, is_swa = 0
load_tensors: layer  38 assigned to device CUDA0, is_swa = 0
load_tensors: layer  39 assigned to device CUDA0, is_swa = 0
load_tensors: layer  40 assigned to device CUDA0, is_swa = 0
load_tensors: layer  41 assigned to device CUDA0, is_swa = 0
load_tensors: layer  42 assigned to device CUDA0, is_swa = 0
load_tensors: layer  43 assigned to device CUDA0, is_swa = 0
load_tensors: layer  44 assigned to device CUDA0, is_swa = 0
load_tensors: layer  45 assigned to device CUDA0, is_swa = 0
load_tensors: layer  46 assigned to device CUDA0, is_swa = 0
load_tensors: layer  47 assigned to device CUDA0, is_swa = 0
load_tensors: layer  48 assigned to device CUDA0, is_swa = 0
load_tensors: layer  49 assigned to device CUDA0, is_swa = 0
load_tensors: layer  50 assigned to device CUDA0, is_swa = 0
load_tensors: layer  51 assigned to device CUDA0, is_swa = 0
load_tensors: layer  52 assigned to device CUDA0, is_swa = 0
load_tensors: layer  53 assigned to device CUDA0, is_swa = 0
load_tensors: layer  54 assigned to device CUDA0, is_swa = 0
load_tensors: layer  55 assigned to device CUDA0, is_swa = 0
load_tensors: layer  56 assigned to device CUDA0, is_swa = 0
load_tensors: layer  57 assigned to device CUDA0, is_swa = 0
load_tensors: layer  58 assigned to device CUDA0, is_swa = 0
load_tensors: layer  59 assigned to device CUDA0, is_swa = 0
load_tensors: layer  60 assigned to device CUDA0, is_swa = 0
load_tensors: layer  61 assigned to device CUDA0, is_swa = 0
load_tensors: layer  62 assigned to device CUDA0, is_swa = 0
create_tensor: loading tensor token_embd.weight
create_tensor: loading tensor output_norm.weight
create_tensor: loading tensor output.weight
create_tensor: loading tensor blk.0.attn_norm.weight
create_tensor: loading tensor blk.0.attn_qkv.weight
create_tensor: loading tensor blk.0.attn_q.weight
create_tensor: loading tensor blk.0.attn_k.weight
create_tensor: loading tensor blk.0.attn_v.weight
create_tensor: loading tensor blk.0.attn_q.bias
create_tensor: loading tensor blk.0.attn_k.bias
create_tensor: loading tensor blk.0.attn_v.bias
create_tensor: loading tensor blk.0.attn_output.weight
create_tensor: loading tensor blk.0.attn_k_norm.weight
create_tensor: loading tensor blk.0.attn_q_norm.weight
create_tensor: loading tensor blk.0.ffn_norm.weight
create_tensor: loading tensor blk.0.ffn_gate_inp.weight
create_tensor: loading tensor blk.0.ffn_gate_exps.weight
llama_model_loader: tensor overrides to CPU are used with mmap enabled - consider using --load-mode none for better performance
tensor blk.0.ffn_gate_exps.weight (1350 MiB q4_K) buffer type overridden to CUDA_Host
create_tensor: loading tensor blk.0.ffn_down_exps.weight
tensor blk.0.ffn_down_exps.weight (1968 MiB q6_K) buffer type overridden to CUDA_Host
create_tensor: loading tensor blk.0.ffn_up_exps.weight
tensor blk.0.ffn_up_exps.weight (1350 MiB q4_K) buffer type overridden to CUDA_Host
create_tensor: loading tensor blk.1.attn_norm.weight
create_tensor: loading tensor blk.1.attn_qkv.weight
create_tensor: loading tensor blk.1.attn_q.weight
create_tensor: loading tensor blk.1.attn_k.weight
create_tensor: loading tensor blk.1.attn_v.weight
create_tensor: loading tensor blk.1.attn_q.bias
create_tensor: loading tensor blk.1.attn_k.bias
create_tensor: loading tensor blk.1.attn_v.bias
create_tensor: loading tensor blk.1.attn_output.weight
create_tensor: loading tensor blk.1.attn_k_norm.weight
create_tensor: loading tensor blk.1.attn_q_norm.weight
create_tensor: loading tensor blk.1.ffn_norm.weight
create_tensor: loading tensor blk.1.ffn_gate_inp.weight
create_tensor: loading tensor blk.1.ffn_gate_exps.weight
tensor blk.1.ffn_gate_exps.weight (1350 MiB q4_K) buffer type overridden to CUDA_Host
create_tensor: loading tensor blk.1.ffn_down_exps.weight
tensor blk.1.ffn_down_exps.weight (1968 MiB q6_K) buffer type overridden to CUDA_Host
create_tensor: loading tensor blk.1.ffn_up_exps.weight
tensor blk.1.ffn_up_exps.weight (1350 MiB q4_K) buffer type overridden to CUDA_Host
create_tensor: loading tensor blk.2.attn_norm.weight
create_tensor: loading tensor blk.2.attn_qkv.weight
create_tensor: loading tensor blk.2.attn_q.weight
create_tensor: loading tensor blk.2.attn_k.weight
create_tensor: loading tensor blk.2.attn_v.weight
create_tensor: loading tensor blk.2.attn_q.bias
create_tensor: loading tensor blk.2.attn_k.bias
create_tensor: loading tensor blk.2.attn_v.bias
create_tensor: loading tensor blk.2.attn_output.weight
create_tensor: loading tensor blk.2.attn_k_norm.weight
create_tensor: loading tensor blk.2.attn_q_norm.weight
create_tensor: loading tensor blk.2.ffn_norm.weight
create_tensor: loading tensor blk.2.ffn_gate_inp.weight
create_tensor: loading tensor blk.2.ffn_gate_exps.weight
tensor blk.2.ffn_gate_exps.weight (1350 MiB q4_K) buffer type overridden to CUDA_Host
create_tensor: loading tensor blk.2.ffn_down_exps.weight
tensor blk.2.ffn_down_exps.weight (1968 MiB q6_K) buffer type overridden to CUDA_Host
create_tensor: loading tensor blk.2.ffn_up_exps.weight
tensor blk.2.ffn_up_exps.weight (1350 MiB q4_K) buffer type overridden to CUDA_Host
create_tensor: loading tensor blk.3.attn_norm.weight
create_tensor: loading tensor blk.3.attn_qkv.weight
create_tensor: loading tensor blk.3.attn_q.weight
create_tensor: loading tensor blk.3.attn_k.weight
create_tensor: loading tensor blk.3.attn_v.weight
create_tensor: loading tensor blk.3.attn_q.bias
create_tensor: loading tensor blk.3.attn_k.bias
create_tensor: loading tensor blk.3.attn_v.bias
create_tensor: loading tensor blk.3.attn_output.weight
create_tensor: loading tensor blk.3.attn_k_norm.weight
create_tensor: loading tensor blk.3.attn_q_norm.weight
create_tensor: loading tensor blk.3.ffn_norm.weight
create_tensor: loading tensor blk.3.ffn_gate_inp.weight
create_tensor: loading tensor blk.3.ffn_gate_exps.weight
tensor blk.3.ffn_gate_exps.weight (1350 MiB q4_K) buffer type overridden to CUDA_Host
create_tensor: loading tensor blk.3.ffn_down_exps.weight
tensor blk.3.ffn_down_exps.weight (1968 MiB q6_K) buffer type overridden to CUDA_Host
create_tensor: loading tensor blk.3.ffn_up_exps.weight
tensor blk.3.ffn_up_exps.weight (1350 MiB q4_K) buffer type overridden to CUDA_Host
create_tensor: loading tensor blk.4.attn_norm.weight
create_tensor: loading tensor blk.4.attn_qkv.weight
create_tensor: loading tensor blk.4.attn_q.weight
create_tensor: loading tensor blk.4.attn_k.weight
create_tensor: loading tensor blk.4.attn_v.weight
create_tensor: loading tensor blk.4.attn_q.bias
create_tensor: loading tensor blk.4.attn_k.bias
create_tensor: loading tensor blk.4.attn_v.bias
create_tensor: loading tensor blk.4.attn_output.weight
create_tensor: loading tensor blk.4.attn_k_norm.weight
create_tensor: loading tensor blk.4.attn_q_norm.weight
create_tensor: loading tensor blk.4.ffn_norm.weight
create_tensor: loading tensor blk.4.ffn_gate_inp.weight
create_tensor: loading tensor blk.4.ffn_gate_exps.weight
tensor blk.4.ffn_gate_exps.weight (1350 MiB q4_K) buffer type overridden to CUDA_Host
create_tensor: loading tensor blk.4.ffn_down_exps.weight
tensor blk.4.ffn_down_exps.weight (1968 MiB q6_K) buffer type overridden to CUDA_Host
create_tensor: loading tensor blk.4.ffn_up_exps.weight
tensor blk.4.ffn_up_exps.weight (1350 MiB q4_K) buffer type overridden to CUDA_Host
create_tensor: loading tensor blk.5.attn_norm.weight
create_tensor: loading tensor blk.5.attn_qkv.weight
create_tensor: loading tensor blk.5.attn_q.weight
create_tensor: loading tensor blk.5.attn_k.weight
create_tensor: loading tensor blk.5.attn_v.weight
create_tensor: loading tensor blk.5.attn_q.bias
create_tensor: loading tensor blk.5.attn_k.bias
create_tensor: loading tensor blk.5.attn_v.bias
create_tensor: loading tensor blk.5.attn_output.weight
create_tensor: loading tensor blk.5.attn_k_norm.weight
create_tensor: loading tensor blk.5.attn_q_norm.weight
create_tensor: loading tensor blk.5.ffn_norm.weight
create_tensor: loading tensor blk.5.ffn_gate_inp.weight
create_tensor: loading tensor blk.5.ffn_gate_exps.weight
tensor blk.5.ffn_gate_exps.weight (1350 MiB q4_K) buffer type overridden to CUDA_Host
create_tensor: loading tensor blk.5.ffn_down_exps.weight
tensor blk.5.ffn_down_exps.weight (1968 MiB q6_K) buffer type overridden to CUDA_Host
create_tensor: loading tensor blk.5.ffn_up_exps.weight
tensor blk.5.ffn_up_exps.weight (1350 MiB q4_K) buffer type overridden to CUDA_Host
create_tensor: loading tensor blk.6.attn_norm.weight
create_tensor: loading tensor blk.6.attn_qkv.weight
create_tensor: loading tensor blk.6.attn_q.weight
create_tensor: loading tensor blk.6.attn_k.weight
create_tensor: loading tensor blk.6.attn_v.weight
create_tensor: loading tensor blk.6.attn_q.bias
create_tensor: loading tensor blk.6.attn_k.bias
create_tensor: loading tensor blk.6.attn_v.bias
create_tensor: loading tensor blk.6.attn_output.weight
create_tensor: loading tensor blk.6.attn_k_norm.weight
create_tensor: loading tensor blk.6.attn_q_norm.weight
create_tensor: loading tensor blk.6.ffn_norm.weight
create_tensor: loading tensor blk.6.ffn_gate_inp.weight
create_tensor: loading tensor blk.6.ffn_gate_exps.weight
tensor blk.6.ffn_gate_exps.weight (1350 MiB q4_K) buffer type overridden to CUDA_Host
create_tensor: loading tensor blk.6.ffn_down_exps.weight
tensor blk.6.ffn_down_exps.weight (1968 MiB q6_K) buffer type overridden to CUDA_Host
create_tensor: loading tensor blk.6.ffn_up_exps.weight
tensor blk.6.ffn_up_exps.weight (1350 MiB q4_K) buffer type overridden to CUDA_Host
create_tensor: loading tensor blk.7.attn_norm.weight
create_tensor: loading tensor blk.7.attn_qkv.weight
create_tensor: loading tensor blk.7.attn_q.weight
create_tensor: loading tensor blk.7.attn_k.weight
create_tensor: loading tensor blk.7.attn_v.weight
create_tensor: loading tensor blk.7.attn_q.bias
create_tensor: loading tensor blk.7.attn_k.bias
create_tensor: loading tensor blk.7.attn_v.bias
create_tensor: loading tensor blk.7.attn_output.weight
create_tensor: loading tensor blk.7.attn_k_norm.weight
create_tensor: loading tensor blk.7.attn_q_norm.weight
create_tensor: loading tensor blk.7.ffn_norm.weight
create_tensor: loading tensor blk.7.ffn_gate_inp.weight
create_tensor: loading tensor blk.7.ffn_gate_exps.weight
tensor blk.7.ffn_gate_exps.weight (1350 MiB q4_K) buffer type overridden to CUDA_Host
create_tensor: loading tensor blk.7.ffn_down_exps.weight
tensor blk.7.ffn_down_exps.weight (1350 MiB q4_K) buffer type overridden to CUDA_Host
create_tensor: loading tensor blk.7.ffn_up_exps.weight
tensor blk.7.ffn_up_exps.weight (1350 MiB q4_K) buffer type overridden to CUDA_Host
create_tensor: loading tensor blk.8.attn_norm.weight
create_tensor: loading tensor blk.8.attn_qkv.weight
create_tensor: loading tensor blk.8.attn_q.weight
create_tensor: loading tensor blk.8.attn_k.weight
create_tensor: loading tensor blk.8.attn_v.weight
create_tensor: loading tensor blk.8.attn_q.bias
create_tensor: loading tensor blk.8.attn_k.bias
create_tensor: loading tensor blk.8.attn_v.bias
create_tensor: loading tensor blk.8.attn_output.weight
create_tensor: loading tensor blk.8.attn_k_norm.weight
create_tensor: loading tensor blk.8.attn_q_norm.weight
create_tensor: loading tensor blk.8.ffn_norm.weight
create_tensor: loading tensor blk.8.ffn_gate_inp.weight
create_tensor: loading tensor blk.8.ffn_gate_exps.weight
tensor blk.8.ffn_gate_exps.weight (1350 MiB q4_K) buffer type overridden to CUDA_Host
create_tensor: loading tensor blk.8.ffn_down_exps.weight
tensor blk.8.ffn_down_exps.weight (1350 MiB q4_K) buffer type overridden to CUDA_Host
create_tensor: loading tensor blk.8.ffn_up_exps.weight
tensor blk.8.ffn_up_exps.weight (1350 MiB q4_K) buffer type overridden to CUDA_Host
create_tensor: loading tensor blk.9.attn_norm.weight
create_tensor: loading tensor blk.9.attn_qkv.weight
create_tensor: loading tensor blk.9.attn_q.weight
create_tensor: loading tensor blk.9.attn_k.weight
create_tensor: loading tensor blk.9.attn_v.weight
create_tensor: loading tensor blk.9.attn_q.bias
create_tensor: loading tensor blk.9.attn_k.bias
create_tensor: loading tensor blk.9.attn_v.bias
create_tensor: loading tensor blk.9.attn_output.weight
create_tensor: loading tensor blk.9.attn_k_norm.weight
create_tensor: loading tensor blk.9.attn_q_norm.weight
create_tensor: loading tensor blk.9.ffn_norm.weight
create_tensor: loading tensor blk.9.ffn_gate_inp.weight
create_tensor: loading tensor blk.9.ffn_gate_exps.weight
tensor blk.9.ffn_gate_exps.weight (1350 MiB q4_K) buffer type overridden to CUDA_Host
create_tensor: loading tensor blk.9.ffn_down_exps.weight
tensor blk.9.ffn_down_exps.weight (1968 MiB q6_K) buffer type overridden to CUDA_Host
create_tensor: loading tensor blk.9.ffn_up_exps.weight
tensor blk.9.ffn_up_exps.weight (1350 MiB q4_K) buffer type overridden to CUDA_Host
create_tensor: loading tensor blk.10.attn_norm.weight
create_tensor: loading tensor blk.10.attn_qkv.weight
create_tensor: loading tensor blk.10.attn_q.weight
create_tensor: loading tensor blk.10.attn_k.weight
create_tensor: loading tensor blk.10.attn_v.weight
create_tensor: loading tensor blk.10.attn_q.bias
create_tensor: loading tensor blk.10.attn_k.bias
create_tensor: loading tensor blk.10.attn_v.bias
create_tensor: loading tensor blk.10.attn_output.weight
create_tensor: loading tensor blk.10.attn_k_norm.weight
create_tensor: loading tensor blk.10.attn_q_norm.weight
create_tensor: loading tensor blk.10.ffn_norm.weight
create_tensor: loading tensor blk.10.ffn_gate_inp.weight
create_tensor: loading tensor blk.10.ffn_gate_exps.weight
tensor blk.10.ffn_gate_exps.weight (1350 MiB q4_K) buffer type overridden to CUDA_Host
create_tensor: loading tensor blk.10.ffn_down_exps.weight
tensor blk.10.ffn_down_exps.weight (1350 MiB q4_K) buffer type overridden to CUDA_Host
create_tensor: loading tensor blk.10.ffn_up_exps.weight
tensor blk.10.ffn_up_exps.weight (1350 MiB q4_K) buffer type overridden to CUDA_Host
create_tensor: loading tensor blk.11.attn_norm.weight
create_tensor: loading tensor blk.11.attn_qkv.weight
create_tensor: loading tensor blk.11.attn_q.weight
create_tensor: loading tensor blk.11.attn_k.weight
create_tensor: loading tensor blk.11.attn_v.weight
create_tensor: loading tensor blk.11.attn_q.bias
create_tensor: loading tensor blk.11.attn_k.bias
create_tensor: loading tensor blk.11.attn_v.bias
create_tensor: loading tensor blk.11.attn_output.weight
create_tensor: loading tensor blk.11.attn_k_norm.weight
create_tensor: loading tensor blk.11.attn_q_norm.weight
create_tensor: loading tensor blk.11.ffn_norm.weight
create_tensor: loading tensor blk.11.ffn_gate_inp.weight
create_tensor: loading tensor blk.11.ffn_gate_exps.weight
tensor blk.11.ffn_gate_exps.weight (1350 MiB q4_K) buffer type overridden to CUDA_Host
create_tensor: loading tensor blk.11.ffn_down_exps.weight
tensor blk.11.ffn_down_exps.weight (1350 MiB q4_K) buffer type overridden to CUDA_Host
create_tensor: loading tensor blk.11.ffn_up_exps.weight
tensor blk.11.ffn_up_exps.weight (1350 MiB q4_K) buffer type overridden to CUDA_Host
create_tensor: loading tensor blk.12.attn_norm.weight
create_tensor: loading tensor blk.12.attn_qkv.weight
create_tensor: loading tensor blk.12.attn_q.weight
create_tensor: loading tensor blk.12.attn_k.weight
create_tensor: loading tensor blk.12.attn_v.weight
create_tensor: loading tensor blk.12.attn_q.bias
create_tensor: loading tensor blk.12.attn_k.bias
create_tensor: loading tensor blk.12.attn_v.bias
create_tensor: loading tensor blk.12.attn_output.weight
create_tensor: loading tensor blk.12.attn_k_norm.weight
create_tensor: loading tensor blk.12.attn_q_norm.weight
create_tensor: loading tensor blk.12.ffn_norm.weight
create_tensor: loading tensor blk.12.ffn_gate_inp.weight
create_tensor: loading tensor blk.12.ffn_gate_exps.weight
tensor blk.12.ffn_gate_exps.weight (1350 MiB q4_K) buffer type overridden to CUDA_Host
create_tensor: loading tensor blk.12.ffn_down_exps.weight
tensor blk.12.ffn_down_exps.weight (1968 MiB q6_K) buffer type overridden to CUDA_Host
create_tensor: loading tensor blk.12.ffn_up_exps.weight
tensor blk.12.ffn_up_exps.weight (1350 MiB q4_K) buffer type overridden to CUDA_Host
create_tensor: loading tensor blk.13.attn_norm.weight
create_tensor: loading tensor blk.13.attn_qkv.weight
create_tensor: loading tensor blk.13.attn_q.weight
create_tensor: loading tensor blk.13.attn_k.weight
create_tensor: loading tensor blk.13.attn_v.weight
create_tensor: loading tensor blk.13.attn_q.bias
create_tensor: loading tensor blk.13.attn_k.bias
create_tensor: loading tensor blk.13.attn_v.bias
create_tensor: loading tensor blk.13.attn_output.weight
create_tensor: loading tensor blk.13.attn_k_norm.weight
create_tensor: loading tensor blk.13.attn_q_norm.weight
create_tensor: loading tensor blk.13.ffn_norm.weight
create_tensor: loading tensor blk.13.ffn_gate_inp.weight
create_tensor: loading tensor blk.13.ffn_gate_exps.weight
tensor blk.13.ffn_gate_exps.weight (1350 MiB q4_K) buffer type overridden to CUDA_Host
create_tensor: loading tensor blk.13.ffn_down_exps.weight
tensor blk.13.ffn_down_exps.weight (1350 MiB q4_K) buffer type overridden to CUDA_Host
create_tensor: loading tensor blk.13.ffn_up_exps.weight
tensor blk.13.ffn_up_exps.weight (1350 MiB q4_K) buffer type overridden to CUDA_Host
create_tensor: loading tensor blk.14.attn_norm.weight
create_tensor: loading tensor blk.14.attn_qkv.weight
create_tensor: loading tensor blk.14.attn_q.weight
create_tensor: loading tensor blk.14.attn_k.weight
create_tensor: loading tensor blk.14.attn_v.weight
create_tensor: loading tensor blk.14.attn_q.bias
create_tensor: loading tensor blk.14.attn_k.bias
create_tensor: loading tensor blk.14.attn_v.bias
create_tensor: loading tensor blk.14.attn_output.weight
create_tensor: loading tensor blk.14.attn_k_norm.weight
create_tensor: loading tensor blk.14.attn_q_norm.weight
create_tensor: loading tensor blk.14.ffn_norm.weight
create_tensor: loading tensor blk.14.ffn_gate_inp.weight
create_tensor: loading tensor blk.14.ffn_gate_exps.weight
tensor blk.14.ffn_gate_exps.weight (1350 MiB q4_K) buffer type overridden to CUDA_Host
create_tensor: loading tensor blk.14.ffn_down_exps.weight
tensor blk.14.ffn_down_exps.weight (1350 MiB q4_K) buffer type overridden to CUDA_Host
create_tensor: loading tensor blk.14.ffn_up_exps.weight
tensor blk.14.ffn_up_exps.weight (1350 MiB q4_K) buffer type overridden to CUDA_Host
create_tensor: loading tensor blk.15.attn_norm.weight
create_tensor: loading tensor blk.15.attn_qkv.weight
create_tensor: loading tensor blk.15.attn_q.weight
create_tensor: loading tensor blk.15.attn_k.weight
create_tensor: loading tensor blk.15.attn_v.weight
create_tensor: loading tensor blk.15.attn_q.bias
create_tensor: loading tensor blk.15.attn_k.bias
create_tensor: loading tensor blk.15.attn_v.bias
create_tensor: loading tensor blk.15.attn_output.weight
create_tensor: loading tensor blk.15.attn_k_norm.weight
create_tensor: loading tensor blk.15.attn_q_norm.weight
create_tensor: loading tensor blk.15.ffn_norm.weight
create_tensor: loading tensor blk.15.ffn_gate_inp.weight
create_tensor: loading tensor blk.15.ffn_gate_exps.weight
tensor blk.15.ffn_gate_exps.weight (1350 MiB q4_K) buffer type overridden to CUDA_Host
create_tensor: loading tensor blk.15.ffn_down_exps.weight
tensor blk.15.ffn_down_exps.weight (1968 MiB q6_K) buffer type overridden to CUDA_Host
create_tensor: loading tensor blk.15.ffn_up_exps.weight
tensor blk.15.ffn_up_exps.weight (1350 MiB q4_K) buffer type overridden to CUDA_Host
create_tensor: loading tensor blk.16.attn_norm.weight
create_tensor: loading tensor blk.16.attn_qkv.weight
create_tensor: loading tensor blk.16.attn_q.weight
create_tensor: loading tensor blk.16.attn_k.weight
create_tensor: loading tensor blk.16.attn_v.weight
create_tensor: loading tensor blk.16.attn_q.bias
create_tensor: loading tensor blk.16.attn_k.bias
create_tensor: loading tensor blk.16.attn_v.bias
create_tensor: loading tensor blk.16.attn_output.weight
create_tensor: loading tensor blk.16.attn_k_norm.weight
create_tensor: loading tensor blk.16.attn_q_norm.weight
create_tensor: loading tensor blk.16.ffn_norm.weight
create_tensor: loading tensor blk.16.ffn_gate_inp.weight
create_tensor: loading tensor blk.16.ffn_gate_exps.weight
tensor blk.16.ffn_gate_exps.weight (1350 MiB q4_K) buffer type overridden to CUDA_Host
create_tensor: loading tensor blk.16.ffn_down_exps.weight
tensor blk.16.ffn_down_exps.weight (1350 MiB q4_K) buffer type overridden to CUDA_Host
create_tensor: loading tensor blk.16.ffn_up_exps.weight
tensor blk.16.ffn_up_exps.weight (1350 MiB q4_K) buffer type overridden to CUDA_Host
create_tensor: loading tensor blk.17.attn_norm.weight
create_tensor: loading tensor blk.17.attn_qkv.weight
create_tensor: loading tensor blk.17.attn_q.weight
create_tensor: loading tensor blk.17.attn_k.weight
create_tensor: loading tensor blk.17.attn_v.weight
create_tensor: loading tensor blk.17.attn_q.bias
create_tensor: loading tensor blk.17.attn_k.bias
create_tensor: loading tensor blk.17.attn_v.bias
create_tensor: loading tensor blk.17.attn_output.weight
create_tensor: loading tensor blk.17.attn_k_norm.weight
create_tensor: loading tensor blk.17.attn_q_norm.weight
create_tensor: loading tensor blk.17.ffn_norm.weight
create_tensor: loading tensor blk.17.ffn_gate_inp.weight
create_tensor: loading tensor blk.17.ffn_gate_exps.weight
tensor blk.17.ffn_gate_exps.weight (1350 MiB q4_K) buffer type overridden to CUDA_Host
create_tensor: loading tensor blk.17.ffn_down_exps.weight
tensor blk.17.ffn_down_exps.weight (1350 MiB q4_K) buffer type overridden to CUDA_Host
create_tensor: loading tensor blk.17.ffn_up_exps.weight
tensor blk.17.ffn_up_exps.weight (1350 MiB q4_K) buffer type overridden to CUDA_Host
create_tensor: loading tensor blk.18.attn_norm.weight
create_tensor: loading tensor blk.18.attn_qkv.weight
create_tensor: loading tensor blk.18.attn_q.weight
create_tensor: loading tensor blk.18.attn_k.weight
create_tensor: loading tensor blk.18.attn_v.weight
create_tensor: loading tensor blk.18.attn_q.bias
create_tensor: loading tensor blk.18.attn_k.bias
create_tensor: loading tensor blk.18.attn_v.bias
create_tensor: loading tensor blk.18.attn_output.weight
create_tensor: loading tensor blk.18.attn_k_norm.weight
create_tensor: loading tensor blk.18.attn_q_norm.weight
create_tensor: loading tensor blk.18.ffn_norm.weight
create_tensor: loading tensor blk.18.ffn_gate_inp.weight
create_tensor: loading tensor blk.18.ffn_gate_exps.weight
tensor blk.18.ffn_gate_exps.weight (1350 MiB q4_K) buffer type overridden to CUDA_Host
create_tensor: loading tensor blk.18.ffn_down_exps.weight
tensor blk.18.ffn_down_exps.weight (1968 MiB q6_K) buffer type overridden to CUDA_Host
create_tensor: loading tensor blk.18.ffn_up_exps.weight
tensor blk.18.ffn_up_exps.weight (1350 MiB q4_K) buffer type overridden to CUDA_Host
create_tensor: loading tensor blk.19.attn_norm.weight
create_tensor: loading tensor blk.19.attn_qkv.weight
create_tensor: loading tensor blk.19.attn_q.weight
create_tensor: loading tensor blk.19.attn_k.weight
create_tensor: loading tensor blk.19.attn_v.weight
create_tensor: loading tensor blk.19.attn_q.bias
create_tensor: loading tensor blk.19.attn_k.bias
create_tensor: loading tensor blk.19.attn_v.bias
create_tensor: loading tensor blk.19.attn_output.weight
create_tensor: loading tensor blk.19.attn_k_norm.weight
create_tensor: loading tensor blk.19.attn_q_norm.weight
create_tensor: loading tensor blk.19.ffn_norm.weight
create_tensor: loading tensor blk.19.ffn_gate_inp.weight
create_tensor: loading tensor blk.19.ffn_gate_exps.weight
tensor blk.19.ffn_gate_exps.weight (1350 MiB q4_K) buffer type overridden to CUDA_Host
create_tensor: loading tensor blk.19.ffn_down_exps.weight
tensor blk.19.ffn_down_exps.weight (1350 MiB q4_K) buffer type overridden to CUDA_Host
create_tensor: loading tensor blk.19.ffn_up_exps.weight
tensor blk.19.ffn_up_exps.weight (1350 MiB q4_K) buffer type overridden to CUDA_Host
create_tensor: loading tensor blk.20.attn_norm.weight
create_tensor: loading tensor blk.20.attn_qkv.weight
create_tensor: loading tensor blk.20.attn_q.weight
create_tensor: loading tensor blk.20.attn_k.weight
create_tensor: loading tensor blk.20.attn_v.weight
create_tensor: loading tensor blk.20.attn_q.bias
create_tensor: loading tensor blk.20.attn_k.bias
create_tensor: loading tensor blk.20.attn_v.bias
create_tensor: loading tensor blk.20.attn_output.weight
create_tensor: loading tensor blk.20.attn_k_norm.weight
create_tensor: loading tensor blk.20.attn_q_norm.weight
create_tensor: loading tensor blk.20.ffn_norm.weight
create_tensor: loading tensor blk.20.ffn_gate_inp.weight
create_tensor: loading tensor blk.20.ffn_gate_exps.weight
tensor blk.20.ffn_gate_exps.weight (1350 MiB q4_K) buffer type overridden to CUDA_Host
create_tensor: loading tensor blk.20.ffn_down_exps.weight
tensor blk.20.ffn_down_exps.weight (1350 MiB q4_K) buffer type overridden to CUDA_Host
create_tensor: loading tensor blk.20.ffn_up_exps.weight
tensor blk.20.ffn_up_exps.weight (1350 MiB q4_K) buffer type overridden to CUDA_Host
create_tensor: loading tensor blk.21.attn_norm.weight
create_tensor: loading tensor blk.21.attn_qkv.weight
create_tensor: loading tensor blk.21.attn_q.weight
create_tensor: loading tensor blk.21.attn_k.weight
create_tensor: loading tensor blk.21.attn_v.weight
create_tensor: loading tensor blk.21.attn_q.bias
create_tensor: loading tensor blk.21.attn_k.bias
create_tensor: loading tensor blk.21.attn_v.bias
create_tensor: loading tensor blk.21.attn_output.weight
create_tensor: loading tensor blk.21.attn_k_norm.weight
create_tensor: loading tensor blk.21.attn_q_norm.weight
create_tensor: loading tensor blk.21.ffn_norm.weight
create_tensor: loading tensor blk.21.ffn_gate_inp.weight
create_tensor: loading tensor blk.21.ffn_gate_exps.weight
tensor blk.21.ffn_gate_exps.weight (1350 MiB q4_K) buffer type overridden to CUDA_Host
create_tensor: loading tensor blk.21.ffn_down_exps.weight
tensor blk.21.ffn_down_exps.weight (1968 MiB q6_K) buffer type overridden to CUDA_Host
create_tensor: loading tensor blk.21.ffn_up_exps.weight
tensor blk.21.ffn_up_exps.weight (1350 MiB q4_K) buffer type overridden to CUDA_Host
create_tensor: loading tensor blk.22.attn_norm.weight
create_tensor: loading tensor blk.22.attn_qkv.weight
create_tensor: loading tensor blk.22.attn_q.weight
create_tensor: loading tensor blk.22.attn_k.weight
create_tensor: loading tensor blk.22.attn_v.weight
create_tensor: loading tensor blk.22.attn_q.bias
create_tensor: loading tensor blk.22.attn_k.bias
create_tensor: loading tensor blk.22.attn_v.bias
create_tensor: loading tensor blk.22.attn_output.weight
create_tensor: loading tensor blk.22.attn_k_norm.weight
create_tensor: loading tensor blk.22.attn_q_norm.weight
create_tensor: loading tensor blk.22.ffn_norm.weight
create_tensor: loading tensor blk.22.ffn_gate_inp.weight
create_tensor: loading tensor blk.22.ffn_gate_exps.weight
tensor blk.22.ffn_gate_exps.weight (1350 MiB q4_K) buffer type overridden to CUDA_Host
create_tensor: loading tensor blk.22.ffn_down_exps.weight
tensor blk.22.ffn_down_exps.weight (1350 MiB q4_K) buffer type overridden to CUDA_Host
create_tensor: loading tensor blk.22.ffn_up_exps.weight
tensor blk.22.ffn_up_exps.weight (1350 MiB q4_K) buffer type overridden to CUDA_Host
create_tensor: loading tensor blk.23.attn_norm.weight
create_tensor: loading tensor blk.23.attn_qkv.weight
create_tensor: loading tensor blk.23.attn_q.weight
create_tensor: loading tensor blk.23.attn_k.weight
create_tensor: loading tensor blk.23.attn_v.weight
create_tensor: loading tensor blk.23.attn_q.bias
create_tensor: loading tensor blk.23.attn_k.bias
create_tensor: loading tensor blk.23.attn_v.bias
create_tensor: loading tensor blk.23.attn_output.weight
create_tensor: loading tensor blk.23.attn_k_norm.weight
create_tensor: loading tensor blk.23.attn_q_norm.weight
create_tensor: loading tensor blk.23.ffn_norm.weight
create_tensor: loading tensor blk.23.ffn_gate_inp.weight
create_tensor: loading tensor blk.23.ffn_gate_exps.weight
tensor blk.23.ffn_gate_exps.weight (1350 MiB q4_K) buffer type overridden to CUDA_Host
create_tensor: loading tensor blk.23.ffn_down_exps.weight
tensor blk.23.ffn_down_exps.weight (1350 MiB q4_K) buffer type overridden to CUDA_Host
create_tensor: loading tensor blk.23.ffn_up_exps.weight
tensor blk.23.ffn_up_exps.weight (1350 MiB q4_K) buffer type overridden to CUDA_Host
create_tensor: loading tensor blk.24.attn_norm.weight
create_tensor: loading tensor blk.24.attn_qkv.weight
create_tensor: loading tensor blk.24.attn_q.weight
create_tensor: loading tensor blk.24.attn_k.weight
create_tensor: loading tensor blk.24.attn_v.weight
create_tensor: loading tensor blk.24.attn_q.bias
create_tensor: loading tensor blk.24.attn_k.bias
create_tensor: loading tensor blk.24.attn_v.bias
create_tensor: loading tensor blk.24.attn_output.weight
create_tensor: loading tensor blk.24.attn_k_norm.weight
create_tensor: loading tensor blk.24.attn_q_norm.weight
create_tensor: loading tensor blk.24.ffn_norm.weight
create_tensor: loading tensor blk.24.ffn_gate_inp.weight
create_tensor: loading tensor blk.24.ffn_gate_exps.weight
tensor blk.24.ffn_gate_exps.weight (1350 MiB q4_K) buffer type overridden to CUDA_Host
create_tensor: loading tensor blk.24.ffn_down_exps.weight
tensor blk.24.ffn_down_exps.weight (1968 MiB q6_K) buffer type overridden to CUDA_Host
create_tensor: loading tensor blk.24.ffn_up_exps.weight
tensor blk.24.ffn_up_exps.weight (1350 MiB q4_K) buffer type overridden to CUDA_Host
create_tensor: loading tensor blk.25.attn_norm.weight
create_tensor: loading tensor blk.25.attn_qkv.weight
create_tensor: loading tensor blk.25.attn_q.weight
create_tensor: loading tensor blk.25.attn_k.weight
create_tensor: loading tensor blk.25.attn_v.weight
create_tensor: loading tensor blk.25.attn_q.bias
create_tensor: loading tensor blk.25.attn_k.bias
create_tensor: loading tensor blk.25.attn_v.bias
create_tensor: loading tensor blk.25.attn_output.weight
create_tensor: loading tensor blk.25.attn_k_norm.weight
create_tensor: loading tensor blk.25.attn_q_norm.weight
create_tensor: loading tensor blk.25.ffn_norm.weight
create_tensor: loading tensor blk.25.ffn_gate_inp.weight
create_tensor: loading tensor blk.25.ffn_gate_exps.weight
tensor blk.25.ffn_gate_exps.weight (1350 MiB q4_K) buffer type overridden to CUDA_Host
create_tensor: loading tensor blk.25.ffn_down_exps.weight
tensor blk.25.ffn_down_exps.weight (1350 MiB q4_K) buffer type overridden to CUDA_Host
create_tensor: loading tensor blk.25.ffn_up_exps.weight
tensor blk.25.ffn_up_exps.weight (1350 MiB q4_K) buffer type overridden to CUDA_Host
create_tensor: loading tensor blk.26.attn_norm.weight
create_tensor: loading tensor blk.26.attn_qkv.weight
create_tensor: loading tensor blk.26.attn_q.weight
create_tensor: loading tensor blk.26.attn_k.weight
create_tensor: loading tensor blk.26.attn_v.weight
create_tensor: loading tensor blk.26.attn_q.bias
create_tensor: loading tensor blk.26.attn_k.bias
create_tensor: loading tensor blk.26.attn_v.bias
create_tensor: loading tensor blk.26.attn_output.weight
create_tensor: loading tensor blk.26.attn_k_norm.weight
create_tensor: loading tensor blk.26.attn_q_norm.weight
create_tensor: loading tensor blk.26.ffn_norm.weight
create_tensor: loading tensor blk.26.ffn_gate_inp.weight
create_tensor: loading tensor blk.26.ffn_gate_exps.weight
tensor blk.26.ffn_gate_exps.weight (1350 MiB q4_K) buffer type overridden to CUDA_Host
create_tensor: loading tensor blk.26.ffn_down_exps.weight
tensor blk.26.ffn_down_exps.weight (1350 MiB q4_K) buffer type overridden to CUDA_Host
create_tensor: loading tensor blk.26.ffn_up_exps.weight
tensor blk.26.ffn_up_exps.weight (1350 MiB q4_K) buffer type overridden to CUDA_Host
create_tensor: loading tensor blk.27.attn_norm.weight
create_tensor: loading tensor blk.27.attn_qkv.weight
create_tensor: loading tensor blk.27.attn_q.weight
create_tensor: loading tensor blk.27.attn_k.weight
create_tensor: loading tensor blk.27.attn_v.weight
create_tensor: loading tensor blk.27.attn_q.bias
create_tensor: loading tensor blk.27.attn_k.bias
create_tensor: loading tensor blk.27.attn_v.bias
create_tensor: loading tensor blk.27.attn_output.weight
create_tensor: loading tensor blk.27.attn_k_norm.weight
create_tensor: loading tensor blk.27.attn_q_norm.weight
create_tensor: loading tensor blk.27.ffn_norm.weight
create_tensor: loading tensor blk.27.ffn_gate_inp.weight
create_tensor: loading tensor blk.27.ffn_gate_exps.weight
tensor blk.27.ffn_gate_exps.weight (1350 MiB q4_K) buffer type overridden to CUDA_Host
create_tensor: loading tensor blk.27.ffn_down_exps.weight
tensor blk.27.ffn_down_exps.weight (1968 MiB q6_K) buffer type overridden to CUDA_Host
create_tensor: loading tensor blk.27.ffn_up_exps.weight
tensor blk.27.ffn_up_exps.weight (1350 MiB q4_K) buffer type overridden to CUDA_Host
create_tensor: loading tensor blk.28.attn_norm.weight
create_tensor: loading tensor blk.28.attn_qkv.weight
create_tensor: loading tensor blk.28.attn_q.weight
create_tensor: loading tensor blk.28.attn_k.weight
create_tensor: loading tensor blk.28.attn_v.weight
create_tensor: loading tensor blk.28.attn_q.bias
create_tensor: loading tensor blk.28.attn_k.bias
create_tensor: loading tensor blk.28.attn_v.bias
create_tensor: loading tensor blk.28.attn_output.weight
create_tensor: loading tensor blk.28.attn_k_norm.weight
create_tensor: loading tensor blk.28.attn_q_norm.weight
create_tensor: loading tensor blk.28.ffn_norm.weight
create_tensor: loading tensor blk.28.ffn_gate_inp.weight
create_tensor: loading tensor blk.28.ffn_gate_exps.weight
tensor blk.28.ffn_gate_exps.weight (1350 MiB q4_K) buffer type overridden to CUDA_Host
create_tensor: loading tensor blk.28.ffn_down_exps.weight
tensor blk.28.ffn_down_exps.weight (1350 MiB q4_K) buffer type overridden to CUDA_Host
create_tensor: loading tensor blk.28.ffn_up_exps.weight
tensor blk.28.ffn_up_exps.weight (1350 MiB q4_K) buffer type overridden to CUDA_Host
create_tensor: loading tensor blk.29.attn_norm.weight
create_tensor: loading tensor blk.29.attn_qkv.weight
create_tensor: loading tensor blk.29.attn_q.weight
create_tensor: loading tensor blk.29.attn_k.weight
create_tensor: loading tensor blk.29.attn_v.weight
create_tensor: loading tensor blk.29.attn_q.bias
create_tensor: loading tensor blk.29.attn_k.bias
create_tensor: loading tensor blk.29.attn_v.bias
create_tensor: loading tensor blk.29.attn_output.weight
create_tensor: loading tensor blk.29.attn_k_norm.weight
create_tensor: loading tensor blk.29.attn_q_norm.weight
create_tensor: loading tensor blk.29.ffn_norm.weight
create_tensor: loading tensor blk.29.ffn_gate_inp.weight
create_tensor: loading tensor blk.29.ffn_gate_exps.weight
tensor blk.29.ffn_gate_exps.weight (1350 MiB q4_K) buffer type overridden to CUDA_Host
create_tensor: loading tensor blk.29.ffn_down_exps.weight
tensor blk.29.ffn_down_exps.weight (1350 MiB q4_K) buffer type overridden to CUDA_Host
create_tensor: loading tensor blk.29.ffn_up_exps.weight
tensor blk.29.ffn_up_exps.weight (1350 MiB q4_K) buffer type overridden to CUDA_Host
create_tensor: loading tensor blk.30.attn_norm.weight
create_tensor: loading tensor blk.30.attn_qkv.weight
create_tensor: loading tensor blk.30.attn_q.weight
create_tensor: loading tensor blk.30.attn_k.weight
create_tensor: loading tensor blk.30.attn_v.weight
create_tensor: loading tensor blk.30.attn_q.bias
create_tensor: loading tensor blk.30.attn_k.bias
create_tensor: loading tensor blk.30.attn_v.bias
create_tensor: loading tensor blk.30.attn_output.weight
create_tensor: loading tensor blk.30.attn_k_norm.weight
create_tensor: loading tensor blk.30.attn_q_norm.weight
create_tensor: loading tensor blk.30.ffn_norm.weight
create_tensor: loading tensor blk.30.ffn_gate_inp.weight
create_tensor: loading tensor blk.30.ffn_gate_exps.weight
tensor blk.30.ffn_gate_exps.weight (1350 MiB q4_K) buffer type overridden to CUDA_Host
create_tensor: loading tensor blk.30.ffn_down_exps.weight
tensor blk.30.ffn_down_exps.weight (1968 MiB q6_K) buffer type overridden to CUDA_Host
create_tensor: loading tensor blk.30.ffn_up_exps.weight
tensor blk.30.ffn_up_exps.weight (1350 MiB q4_K) buffer type overridden to CUDA_Host
create_tensor: loading tensor blk.31.attn_norm.weight
create_tensor: loading tensor blk.31.attn_qkv.weight
create_tensor: loading tensor blk.31.attn_q.weight
create_tensor: loading tensor blk.31.attn_k.weight
create_tensor: loading tensor blk.31.attn_v.weight
create_tensor: loading tensor blk.31.attn_q.bias
create_tensor: loading tensor blk.31.attn_k.bias
create_tensor: loading tensor blk.31.attn_v.bias
create_tensor: loading tensor blk.31.attn_output.weight
create_tensor: loading tensor blk.31.attn_k_norm.weight
create_tensor: loading tensor blk.31.attn_q_norm.weight
create_tensor: loading tensor blk.31.ffn_norm.weight
create_tensor: loading tensor blk.31.ffn_gate_inp.weight
create_tensor: loading tensor blk.31.ffn_gate_exps.weight
tensor blk.31.ffn_gate_exps.weight (1350 MiB q4_K) buffer type overridden to CUDA_Host
create_tensor: loading tensor blk.31.ffn_down_exps.weight
tensor blk.31.ffn_down_exps.weight (1350 MiB q4_K) buffer type overridden to CUDA_Host
create_tensor: loading tensor blk.31.ffn_up_exps.weight
tensor blk.31.ffn_up_exps.weight (1350 MiB q4_K) buffer type overridden to CUDA_Host
create_tensor: loading tensor blk.32.attn_norm.weight
create_tensor: loading tensor blk.32.attn_qkv.weight
create_tensor: loading tensor blk.32.attn_q.weight
create_tensor: loading tensor blk.32.attn_k.weight
create_tensor: loading tensor blk.32.attn_v.weight
create_tensor: loading tensor blk.32.attn_q.bias
create_tensor: loading tensor blk.32.attn_k.bias
create_tensor: loading tensor blk.32.attn_v.bias
create_tensor: loading tensor blk.32.attn_output.weight
create_tensor: loading tensor blk.32.attn_k_norm.weight
create_tensor: loading tensor blk.32.attn_q_norm.weight
create_tensor: loading tensor blk.32.ffn_norm.weight
create_tensor: loading tensor blk.32.ffn_gate_inp.weight
create_tensor: loading tensor blk.32.ffn_gate_exps.weight
tensor blk.32.ffn_gate_exps.weight (1350 MiB q4_K) buffer type overridden to CUDA_Host
create_tensor: loading tensor blk.32.ffn_down_exps.weight
tensor blk.32.ffn_down_exps.weight (1350 MiB q4_K) buffer type overridden to CUDA_Host
create_tensor: loading tensor blk.32.ffn_up_exps.weight
tensor blk.32.ffn_up_exps.weight (1350 MiB q4_K) buffer type overridden to CUDA_Host
create_tensor: loading tensor blk.33.attn_norm.weight
create_tensor: loading tensor blk.33.attn_qkv.weight
create_tensor: loading tensor blk.33.attn_q.weight
create_tensor: loading tensor blk.33.attn_k.weight
create_tensor: loading tensor blk.33.attn_v.weight
create_tensor: loading tensor blk.33.attn_q.bias
create_tensor: loading tensor blk.33.attn_k.bias
create_tensor: loading tensor blk.33.attn_v.bias
create_tensor: loading tensor blk.33.attn_output.weight
create_tensor: loading tensor blk.33.attn_k_norm.weight
create_tensor: loading tensor blk.33.attn_q_norm.weight
create_tensor: loading tensor blk.33.ffn_norm.weight
create_tensor: loading tensor blk.33.ffn_gate_inp.weight
create_tensor: loading tensor blk.33.ffn_gate_exps.weight
tensor blk.33.ffn_gate_exps.weight (1350 MiB q4_K) buffer type overridden to CUDA_Host
create_tensor: loading tensor blk.33.ffn_down_exps.weight
tensor blk.33.ffn_down_exps.weight (1968 MiB q6_K) buffer type overridden to CUDA_Host
create_tensor: loading tensor blk.33.ffn_up_exps.weight
tensor blk.33.ffn_up_exps.weight (1350 MiB q4_K) buffer type overridden to CUDA_Host
create_tensor: loading tensor blk.34.attn_norm.weight
create_tensor: loading tensor blk.34.attn_qkv.weight
create_tensor: loading tensor blk.34.attn_q.weight
create_tensor: loading tensor blk.34.attn_k.weight
create_tensor: loading tensor blk.34.attn_v.weight
create_tensor: loading tensor blk.34.attn_q.bias
create_tensor: loading tensor blk.34.attn_k.bias
create_tensor: loading tensor blk.34.attn_v.bias
create_tensor: loading tensor blk.34.attn_output.weight
create_tensor: loading tensor blk.34.attn_k_norm.weight
create_tensor: loading tensor blk.34.attn_q_norm.weight
create_tensor: loading tensor blk.34.ffn_norm.weight
create_tensor: loading tensor blk.34.ffn_gate_inp.weight
create_tensor: loading tensor blk.34.ffn_gate_exps.weight
tensor blk.34.ffn_gate_exps.weight (1350 MiB q4_K) buffer type overridden to CUDA_Host
create_tensor: loading tensor blk.34.ffn_down_exps.weight
tensor blk.34.ffn_down_exps.weight (1350 MiB q4_K) buffer type overridden to CUDA_Host
create_tensor: loading tensor blk.34.ffn_up_exps.weight
tensor blk.34.ffn_up_exps.weight (1350 MiB q4_K) buffer type overridden to CUDA_Host
create_tensor: loading tensor blk.35.attn_norm.weight
create_tensor: loading tensor blk.35.attn_qkv.weight
create_tensor: loading tensor blk.35.attn_q.weight
create_tensor: loading tensor blk.35.attn_k.weight
create_tensor: loading tensor blk.35.attn_v.weight
create_tensor: loading tensor blk.35.attn_q.bias
create_tensor: loading tensor blk.35.attn_k.bias
create_tensor: loading tensor blk.35.attn_v.bias
create_tensor: loading tensor blk.35.attn_output.weight
create_tensor: loading tensor blk.35.attn_k_norm.weight
create_tensor: loading tensor blk.35.attn_q_norm.weight
create_tensor: loading tensor blk.35.ffn_norm.weight
create_tensor: loading tensor blk.35.ffn_gate_inp.weight
create_tensor: loading tensor blk.35.ffn_gate_exps.weight
tensor blk.35.ffn_gate_exps.weight (1350 MiB q4_K) buffer type overridden to CUDA_Host
create_tensor: loading tensor blk.35.ffn_down_exps.weight
tensor blk.35.ffn_down_exps.weight (1350 MiB q4_K) buffer type overridden to CUDA_Host
create_tensor: loading tensor blk.35.ffn_up_exps.weight
tensor blk.35.ffn_up_exps.weight (1350 MiB q4_K) buffer type overridden to CUDA_Host
create_tensor: loading tensor blk.36.attn_norm.weight
create_tensor: loading tensor blk.36.attn_qkv.weight
create_tensor: loading tensor blk.36.attn_q.weight
create_tensor: loading tensor blk.36.attn_k.weight
create_tensor: loading tensor blk.36.attn_v.weight
create_tensor: loading tensor blk.36.attn_q.bias
create_tensor: loading tensor blk.36.attn_k.bias
create_tensor: loading tensor blk.36.attn_v.bias
create_tensor: loading tensor blk.36.attn_output.weight
create_tensor: loading tensor blk.36.attn_k_norm.weight
create_tensor: loading tensor blk.36.attn_q_norm.weight
create_tensor: loading tensor blk.36.ffn_norm.weight
create_tensor: loading tensor blk.36.ffn_gate_inp.weight
create_tensor: loading tensor blk.36.ffn_gate_exps.weight
tensor blk.36.ffn_gate_exps.weight (1350 MiB q4_K) buffer type overridden to CUDA_Host
create_tensor: loading tensor blk.36.ffn_down_exps.weight
tensor blk.36.ffn_down_exps.weight (1968 MiB q6_K) buffer type overridden to CUDA_Host
create_tensor: loading tensor blk.36.ffn_up_exps.weight
tensor blk.36.ffn_up_exps.weight (1350 MiB q4_K) buffer type overridden to CUDA_Host
create_tensor: loading tensor blk.37.attn_norm.weight
create_tensor: loading tensor blk.37.attn_qkv.weight
create_tensor: loading tensor blk.37.attn_q.weight
create_tensor: loading tensor blk.37.attn_k.weight
create_tensor: loading tensor blk.37.attn_v.weight
create_tensor: loading tensor blk.37.attn_q.bias
create_tensor: loading tensor blk.37.attn_k.bias
create_tensor: loading tensor blk.37.attn_v.bias
create_tensor: loading tensor blk.37.attn_output.weight
create_tensor: loading tensor blk.37.attn_k_norm.weight
create_tensor: loading tensor blk.37.attn_q_norm.weight
create_tensor: loading tensor blk.37.ffn_norm.weight
create_tensor: loading tensor blk.37.ffn_gate_inp.weight
create_tensor: loading tensor blk.37.ffn_gate_exps.weight
tensor blk.37.ffn_gate_exps.weight (1350 MiB q4_K) buffer type overridden to CUDA_Host
create_tensor: loading tensor blk.37.ffn_down_exps.weight
tensor blk.37.ffn_down_exps.weight (1350 MiB q4_K) buffer type overridden to CUDA_Host
create_tensor: loading tensor blk.37.ffn_up_exps.weight
tensor blk.37.ffn_up_exps.weight (1350 MiB q4_K) buffer type overridden to CUDA_Host
create_tensor: loading tensor blk.38.attn_norm.weight
create_tensor: loading tensor blk.38.attn_qkv.weight
create_tensor: loading tensor blk.38.attn_q.weight
create_tensor: loading tensor blk.38.attn_k.weight
create_tensor: loading tensor blk.38.attn_v.weight
create_tensor: loading tensor blk.38.attn_q.bias
create_tensor: loading tensor blk.38.attn_k.bias
create_tensor: loading tensor blk.38.attn_v.bias
create_tensor: loading tensor blk.38.attn_output.weight
create_tensor: loading tensor blk.38.attn_k_norm.weight
create_tensor: loading tensor blk.38.attn_q_norm.weight
create_tensor: loading tensor blk.38.ffn_norm.weight
create_tensor: loading tensor blk.38.ffn_gate_inp.weight
create_tensor: loading tensor blk.38.ffn_gate_exps.weight
tensor blk.38.ffn_gate_exps.weight (1350 MiB q4_K) buffer type overridden to CUDA_Host
create_tensor: loading tensor blk.38.ffn_down_exps.weight
tensor blk.38.ffn_down_exps.weight (1350 MiB q4_K) buffer type overridden to CUDA_Host
create_tensor: loading tensor blk.38.ffn_up_exps.weight
tensor blk.38.ffn_up_exps.weight (1350 MiB q4_K) buffer type overridden to CUDA_Host
create_tensor: loading tensor blk.39.attn_norm.weight
create_tensor: loading tensor blk.39.attn_qkv.weight
create_tensor: loading tensor blk.39.attn_q.weight
create_tensor: loading tensor blk.39.attn_k.weight
create_tensor: loading tensor blk.39.attn_v.weight
create_tensor: loading tensor blk.39.attn_q.bias
create_tensor: loading tensor blk.39.attn_k.bias
create_tensor: loading tensor blk.39.attn_v.bias
create_tensor: loading tensor blk.39.attn_output.weight
create_tensor: loading tensor blk.39.attn_k_norm.weight
create_tensor: loading tensor blk.39.attn_q_norm.weight
create_tensor: loading tensor blk.39.ffn_norm.weight
create_tensor: loading tensor blk.39.ffn_gate_inp.weight
create_tensor: loading tensor blk.39.ffn_gate_exps.weight
tensor blk.39.ffn_gate_exps.weight (1350 MiB q4_K) buffer type overridden to CUDA_Host
create_tensor: loading tensor blk.39.ffn_down_exps.weight
tensor blk.39.ffn_down_exps.weight (1968 MiB q6_K) buffer type overridden to CUDA_Host
create_tensor: loading tensor blk.39.ffn_up_exps.weight
tensor blk.39.ffn_up_exps.weight (1350 MiB q4_K) buffer type overridden to CUDA_Host
create_tensor: loading tensor blk.40.attn_norm.weight
create_tensor: loading tensor blk.40.attn_qkv.weight
create_tensor: loading tensor blk.40.attn_q.weight
create_tensor: loading tensor blk.40.attn_k.weight
create_tensor: loading tensor blk.40.attn_v.weight
create_tensor: loading tensor blk.40.attn_q.bias
create_tensor: loading tensor blk.40.attn_k.bias
create_tensor: loading tensor blk.40.attn_v.bias
create_tensor: loading tensor blk.40.attn_output.weight
create_tensor: loading tensor blk.40.attn_k_norm.weight
create_tensor: loading tensor blk.40.attn_q_norm.weight
create_tensor: loading tensor blk.40.ffn_norm.weight
create_tensor: loading tensor blk.40.ffn_gate_inp.weight
create_tensor: loading tensor blk.40.ffn_gate_exps.weight
tensor blk.40.ffn_gate_exps.weight (1350 MiB q4_K) buffer type overridden to CUDA_Host
create_tensor: loading tensor blk.40.ffn_down_exps.weight
tensor blk.40.ffn_down_exps.weight (1350 MiB q4_K) buffer type overridden to CUDA_Host
create_tensor: loading tensor blk.40.ffn_up_exps.weight
tensor blk.40.ffn_up_exps.weight (1350 MiB q4_K) buffer type overridden to CUDA_Host
create_tensor: loading tensor blk.41.attn_norm.weight
create_tensor: loading tensor blk.41.attn_qkv.weight
create_tensor: loading tensor blk.41.attn_q.weight
create_tensor: loading tensor blk.41.attn_k.weight
create_tensor: loading tensor blk.41.attn_v.weight
create_tensor: loading tensor blk.41.attn_q.bias
create_tensor: loading tensor blk.41.attn_k.bias
create_tensor: loading tensor blk.41.attn_v.bias
create_tensor: loading tensor blk.41.attn_output.weight
create_tensor: loading tensor blk.41.attn_k_norm.weight
create_tensor: loading tensor blk.41.attn_q_norm.weight
create_tensor: loading tensor blk.41.ffn_norm.weight
create_tensor: loading tensor blk.41.ffn_gate_inp.weight
create_tensor: loading tensor blk.41.ffn_gate_exps.weight
tensor blk.41.ffn_gate_exps.weight (1350 MiB q4_K) buffer type overridden to CUDA_Host
create_tensor: loading tensor blk.41.ffn_down_exps.weight
tensor blk.41.ffn_down_exps.weight (1350 MiB q4_K) buffer type overridden to CUDA_Host
create_tensor: loading tensor blk.41.ffn_up_exps.weight
tensor blk.41.ffn_up_exps.weight (1350 MiB q4_K) buffer type overridden to CUDA_Host
create_tensor: loading tensor blk.42.attn_norm.weight
create_tensor: loading tensor blk.42.attn_qkv.weight
create_tensor: loading tensor blk.42.attn_q.weight
create_tensor: loading tensor blk.42.attn_k.weight
create_tensor: loading tensor blk.42.attn_v.weight
create_tensor: loading tensor blk.42.attn_q.bias
create_tensor: loading tensor blk.42.attn_k.bias
create_tensor: loading tensor blk.42.attn_v.bias
create_tensor: loading tensor blk.42.attn_output.weight
create_tensor: loading tensor blk.42.attn_k_norm.weight
create_tensor: loading tensor blk.42.attn_q_norm.weight
create_tensor: loading tensor blk.42.ffn_norm.weight
create_tensor: loading tensor blk.42.ffn_gate_inp.weight
create_tensor: loading tensor blk.42.ffn_gate_exps.weight
tensor blk.42.ffn_gate_exps.weight (1350 MiB q4_K) buffer type overridden to CUDA_Host
create_tensor: loading tensor blk.42.ffn_down_exps.weight
tensor blk.42.ffn_down_exps.weight (1968 MiB q6_K) buffer type overridden to CUDA_Host
create_tensor: loading tensor blk.42.ffn_up_exps.weight
tensor blk.42.ffn_up_exps.weight (1350 MiB q4_K) buffer type overridden to CUDA_Host
create_tensor: loading tensor blk.43.attn_norm.weight
create_tensor: loading tensor blk.43.attn_qkv.weight
create_tensor: loading tensor blk.43.attn_q.weight
create_tensor: loading tensor blk.43.attn_k.weight
create_tensor: loading tensor blk.43.attn_v.weight
create_tensor: loading tensor blk.43.attn_q.bias
create_tensor: loading tensor blk.43.attn_k.bias
create_tensor: loading tensor blk.43.attn_v.bias
create_tensor: loading tensor blk.43.attn_output.weight
create_tensor: loading tensor blk.43.attn_k_norm.weight
create_tensor: loading tensor blk.43.attn_q_norm.weight
create_tensor: loading tensor blk.43.ffn_norm.weight
create_tensor: loading tensor blk.43.ffn_gate_inp.weight
create_tensor: loading tensor blk.43.ffn_gate_exps.weight
tensor blk.43.ffn_gate_exps.weight (1350 MiB q4_K) buffer type overridden to CUDA_Host
create_tensor: loading tensor blk.43.ffn_down_exps.weight
tensor blk.43.ffn_down_exps.weight (1350 MiB q4_K) buffer type overridden to CUDA_Host
create_tensor: loading tensor blk.43.ffn_up_exps.weight
tensor blk.43.ffn_up_exps.weight (1350 MiB q4_K) buffer type overridden to CUDA_Host
create_tensor: loading tensor blk.44.attn_norm.weight
create_tensor: loading tensor blk.44.attn_qkv.weight
create_tensor: loading tensor blk.44.attn_q.weight
create_tensor: loading tensor blk.44.attn_k.weight
create_tensor: loading tensor blk.44.attn_v.weight
create_tensor: loading tensor blk.44.attn_q.bias
create_tensor: loading tensor blk.44.attn_k.bias
create_tensor: loading tensor blk.44.attn_v.bias
create_tensor: loading tensor blk.44.attn_output.weight
create_tensor: loading tensor blk.44.attn_k_norm.weight
create_tensor: loading tensor blk.44.attn_q_norm.weight
create_tensor: loading tensor blk.44.ffn_norm.weight
create_tensor: loading tensor blk.44.ffn_gate_inp.weight
create_tensor: loading tensor blk.44.ffn_gate_exps.weight
tensor blk.44.ffn_gate_exps.weight (1350 MiB q4_K) buffer type overridden to CUDA_Host
create_tensor: loading tensor blk.44.ffn_down_exps.weight
tensor blk.44.ffn_down_exps.weight (1350 MiB q4_K) buffer type overridden to CUDA_Host
create_tensor: loading tensor blk.44.ffn_up_exps.weight
tensor blk.44.ffn_up_exps.weight (1350 MiB q4_K) buffer type overridden to CUDA_Host
create_tensor: loading tensor blk.45.attn_norm.weight
create_tensor: loading tensor blk.45.attn_qkv.weight
create_tensor: loading tensor blk.45.attn_q.weight
create_tensor: loading tensor blk.45.attn_k.weight
create_tensor: loading tensor blk.45.attn_v.weight
create_tensor: loading tensor blk.45.attn_q.bias
create_tensor: loading tensor blk.45.attn_k.bias
create_tensor: loading tensor blk.45.attn_v.bias
create_tensor: loading tensor blk.45.attn_output.weight
create_tensor: loading tensor blk.45.attn_k_norm.weight
create_tensor: loading tensor blk.45.attn_q_norm.weight
create_tensor: loading tensor blk.45.ffn_norm.weight
create_tensor: loading tensor blk.45.ffn_gate_inp.weight
create_tensor: loading tensor blk.45.ffn_gate_exps.weight
tensor blk.45.ffn_gate_exps.weight (1350 MiB q4_K) buffer type overridden to CUDA_Host
create_tensor: loading tensor blk.45.ffn_down_exps.weight
tensor blk.45.ffn_down_exps.weight (1968 MiB q6_K) buffer type overridden to CUDA_Host
create_tensor: loading tensor blk.45.ffn_up_exps.weight
tensor blk.45.ffn_up_exps.weight (1350 MiB q4_K) buffer type overridden to CUDA_Host
create_tensor: loading tensor blk.46.attn_norm.weight
create_tensor: loading tensor blk.46.attn_qkv.weight
create_tensor: loading tensor blk.46.attn_q.weight
create_tensor: loading tensor blk.46.attn_k.weight
create_tensor: loading tensor blk.46.attn_v.weight
create_tensor: loading tensor blk.46.attn_q.bias
create_tensor: loading tensor blk.46.attn_k.bias
create_tensor: loading tensor blk.46.attn_v.bias
create_tensor: loading tensor blk.46.attn_output.weight
create_tensor: loading tensor blk.46.attn_k_norm.weight
create_tensor: loading tensor blk.46.attn_q_norm.weight
create_tensor: loading tensor blk.46.ffn_norm.weight
create_tensor: loading tensor blk.46.ffn_gate_inp.weight
create_tensor: loading tensor blk.46.ffn_gate_exps.weight
tensor blk.46.ffn_gate_exps.weight (1350 MiB q4_K) buffer type overridden to CUDA_Host
create_tensor: loading tensor blk.46.ffn_down_exps.weight
tensor blk.46.ffn_down_exps.weight (1350 MiB q4_K) buffer type overridden to CUDA_Host
create_tensor: loading tensor blk.46.ffn_up_exps.weight
tensor blk.46.ffn_up_exps.weight (1350 MiB q4_K) buffer type overridden to CUDA_Host
create_tensor: loading tensor blk.47.attn_norm.weight
create_tensor: loading tensor blk.47.attn_qkv.weight
create_tensor: loading tensor blk.47.attn_q.weight
create_tensor: loading tensor blk.47.attn_k.weight
create_tensor: loading tensor blk.47.attn_v.weight
create_tensor: loading tensor blk.47.attn_q.bias
create_tensor: loading tensor blk.47.attn_k.bias
create_tensor: loading tensor blk.47.attn_v.bias
create_tensor: loading tensor blk.47.attn_output.weight
create_tensor: loading tensor blk.47.attn_k_norm.weight
create_tensor: loading tensor blk.47.attn_q_norm.weight
create_tensor: loading tensor blk.47.ffn_norm.weight
create_tensor: loading tensor blk.47.ffn_gate_inp.weight
create_tensor: loading tensor blk.47.ffn_gate_exps.weight
tensor blk.47.ffn_gate_exps.weight (1350 MiB q4_K) buffer type overridden to CUDA_Host
create_tensor: loading tensor blk.47.ffn_down_exps.weight
tensor blk.47.ffn_down_exps.weight (1350 MiB q4_K) buffer type overridden to CUDA_Host
create_tensor: loading tensor blk.47.ffn_up_exps.weight
tensor blk.47.ffn_up_exps.weight (1350 MiB q4_K) buffer type overridden to CUDA_Host
create_tensor: loading tensor blk.48.attn_norm.weight
create_tensor: loading tensor blk.48.attn_qkv.weight
create_tensor: loading tensor blk.48.attn_q.weight
create_tensor: loading tensor blk.48.attn_k.weight
create_tensor: loading tensor blk.48.attn_v.weight
create_tensor: loading tensor blk.48.attn_q.bias
create_tensor: loading tensor blk.48.attn_k.bias
create_tensor: loading tensor blk.48.attn_v.bias
create_tensor: loading tensor blk.48.attn_output.weight
create_tensor: loading tensor blk.48.attn_k_norm.weight
create_tensor: loading tensor blk.48.attn_q_norm.weight
create_tensor: loading tensor blk.48.ffn_norm.weight
create_tensor: loading tensor blk.48.ffn_gate_inp.weight
create_tensor: loading tensor blk.48.ffn_gate_exps.weight
tensor blk.48.ffn_gate_exps.weight (1350 MiB q4_K) buffer type overridden to CUDA_Host
create_tensor: loading tensor blk.48.ffn_down_exps.weight
tensor blk.48.ffn_down_exps.weight (1968 MiB q6_K) buffer type overridden to CUDA_Host
create_tensor: loading tensor blk.48.ffn_up_exps.weight
tensor blk.48.ffn_up_exps.weight (1350 MiB q4_K) buffer type overridden to CUDA_Host
create_tensor: loading tensor blk.49.attn_norm.weight
create_tensor: loading tensor blk.49.attn_qkv.weight
create_tensor: loading tensor blk.49.attn_q.weight
create_tensor: loading tensor blk.49.attn_k.weight
create_tensor: loading tensor blk.49.attn_v.weight
create_tensor: loading tensor blk.49.attn_q.bias
create_tensor: loading tensor blk.49.attn_k.bias
create_tensor: loading tensor blk.49.attn_v.bias
create_tensor: loading tensor blk.49.attn_output.weight
create_tensor: loading tensor blk.49.attn_k_norm.weight
create_tensor: loading tensor blk.49.attn_q_norm.weight
create_tensor: loading tensor blk.49.ffn_norm.weight
create_tensor: loading tensor blk.49.ffn_gate_inp.weight
create_tensor: loading tensor blk.49.ffn_gate_exps.weight
tensor blk.49.ffn_gate_exps.weight (1350 MiB q4_K) buffer type overridden to CUDA_Host
create_tensor: loading tensor blk.49.ffn_down_exps.weight
tensor blk.49.ffn_down_exps.weight (1350 MiB q4_K) buffer type overridden to CUDA_Host
create_tensor: loading tensor blk.49.ffn_up_exps.weight
tensor blk.49.ffn_up_exps.weight (1350 MiB q4_K) buffer type overridden to CUDA_Host
create_tensor: loading tensor blk.50.attn_norm.weight
create_tensor: loading tensor blk.50.attn_qkv.weight
create_tensor: loading tensor blk.50.attn_q.weight
create_tensor: loading tensor blk.50.attn_k.weight
create_tensor: loading tensor blk.50.attn_v.weight
create_tensor: loading tensor blk.50.attn_q.bias
create_tensor: loading tensor blk.50.attn_k.bias
create_tensor: loading tensor blk.50.attn_v.bias
create_tensor: loading tensor blk.50.attn_output.weight
create_tensor: loading tensor blk.50.attn_k_norm.weight
create_tensor: loading tensor blk.50.attn_q_norm.weight
create_tensor: loading tensor blk.50.ffn_norm.weight
create_tensor: loading tensor blk.50.ffn_gate_inp.weight
create_tensor: loading tensor blk.50.ffn_gate_exps.weight
tensor blk.50.ffn_gate_exps.weight (1350 MiB q4_K) buffer type overridden to CUDA_Host
create_tensor: loading tensor blk.50.ffn_down_exps.weight
tensor blk.50.ffn_down_exps.weight (1350 MiB q4_K) buffer type overridden to CUDA_Host
create_tensor: loading tensor blk.50.ffn_up_exps.weight
tensor blk.50.ffn_up_exps.weight (1350 MiB q4_K) buffer type overridden to CUDA_Host
create_tensor: loading tensor blk.51.attn_norm.weight
create_tensor: loading tensor blk.51.attn_qkv.weight
create_tensor: loading tensor blk.51.attn_q.weight
create_tensor: loading tensor blk.51.attn_k.weight
create_tensor: loading tensor blk.51.attn_v.weight
create_tensor: loading tensor blk.51.attn_q.bias
create_tensor: loading tensor blk.51.attn_k.bias
create_tensor: loading tensor blk.51.attn_v.bias
create_tensor: loading tensor blk.51.attn_output.weight
create_tensor: loading tensor blk.51.attn_k_norm.weight
create_tensor: loading tensor blk.51.attn_q_norm.weight
create_tensor: loading tensor blk.51.ffn_norm.weight
create_tensor: loading tensor blk.51.ffn_gate_inp.weight
create_tensor: loading tensor blk.51.ffn_gate_exps.weight
tensor blk.51.ffn_gate_exps.weight (1350 MiB q4_K) buffer type overridden to CUDA_Host
create_tensor: loading tensor blk.51.ffn_down_exps.weight
tensor blk.51.ffn_down_exps.weight (1968 MiB q6_K) buffer type overridden to CUDA_Host
create_tensor: loading tensor blk.51.ffn_up_exps.weight
tensor blk.51.ffn_up_exps.weight (1350 MiB q4_K) buffer type overridden to CUDA_Host
create_tensor: loading tensor blk.52.attn_norm.weight
create_tensor: loading tensor blk.52.attn_qkv.weight
create_tensor: loading tensor blk.52.attn_q.weight
create_tensor: loading tensor blk.52.attn_k.weight
create_tensor: loading tensor blk.52.attn_v.weight
create_tensor: loading tensor blk.52.attn_q.bias
create_tensor: loading tensor blk.52.attn_k.bias
create_tensor: loading tensor blk.52.attn_v.bias
create_tensor: loading tensor blk.52.attn_output.weight
create_tensor: loading tensor blk.52.attn_k_norm.weight
create_tensor: loading tensor blk.52.attn_q_norm.weight
create_tensor: loading tensor blk.52.ffn_norm.weight
create_tensor: loading tensor blk.52.ffn_gate_inp.weight
create_tensor: loading tensor blk.52.ffn_gate_exps.weight
tensor blk.52.ffn_gate_exps.weight (1350 MiB q4_K) buffer type overridden to CUDA_Host
create_tensor: loading tensor blk.52.ffn_down_exps.weight
tensor blk.52.ffn_down_exps.weight (1350 MiB q4_K) buffer type overridden to CUDA_Host
create_tensor: loading tensor blk.52.ffn_up_exps.weight
tensor blk.52.ffn_up_exps.weight (1350 MiB q4_K) buffer type overridden to CUDA_Host
create_tensor: loading tensor blk.53.attn_norm.weight
create_tensor: loading tensor blk.53.attn_qkv.weight
create_tensor: loading tensor blk.53.attn_q.weight
create_tensor: loading tensor blk.53.attn_k.weight
create_tensor: loading tensor blk.53.attn_v.weight
create_tensor: loading tensor blk.53.attn_q.bias
create_tensor: loading tensor blk.53.attn_k.bias
create_tensor: loading tensor blk.53.attn_v.bias
create_tensor: loading tensor blk.53.attn_output.weight
create_tensor: loading tensor blk.53.attn_k_norm.weight
create_tensor: loading tensor blk.53.attn_q_norm.weight
create_tensor: loading tensor blk.53.ffn_norm.weight
create_tensor: loading tensor blk.53.ffn_gate_inp.weight
create_tensor: loading tensor blk.53.ffn_gate_exps.weight
tensor blk.53.ffn_gate_exps.weight (1350 MiB q4_K) buffer type overridden to CUDA_Host
create_tensor: loading tensor blk.53.ffn_down_exps.weight
tensor blk.53.ffn_down_exps.weight (1350 MiB q4_K) buffer type overridden to CUDA_Host
create_tensor: loading tensor blk.53.ffn_up_exps.weight
tensor blk.53.ffn_up_exps.weight (1350 MiB q4_K) buffer type overridden to CUDA_Host
create_tensor: loading tensor blk.54.attn_norm.weight
create_tensor: loading tensor blk.54.attn_qkv.weight
create_tensor: loading tensor blk.54.attn_q.weight
create_tensor: loading tensor blk.54.attn_k.weight
create_tensor: loading tensor blk.54.attn_v.weight
create_tensor: loading tensor blk.54.attn_q.bias
create_tensor: loading tensor blk.54.attn_k.bias
create_tensor: loading tensor blk.54.attn_v.bias
create_tensor: loading tensor blk.54.attn_output.weight
create_tensor: loading tensor blk.54.attn_k_norm.weight
create_tensor: loading tensor blk.54.attn_q_norm.weight
create_tensor: loading tensor blk.54.ffn_norm.weight
create_tensor: loading tensor blk.54.ffn_gate_inp.weight
create_tensor: loading tensor blk.54.ffn_gate_exps.weight
tensor blk.54.ffn_gate_exps.weight (1350 MiB q4_K) buffer type overridden to CUDA_Host
create_tensor: loading tensor blk.54.ffn_down_exps.weight
tensor blk.54.ffn_down_exps.weight (1968 MiB q6_K) buffer type overridden to CUDA_Host
create_tensor: loading tensor blk.54.ffn_up_exps.weight
tensor blk.54.ffn_up_exps.weight (1350 MiB q4_K) buffer type overridden to CUDA_Host
create_tensor: loading tensor blk.55.attn_norm.weight
create_tensor: loading tensor blk.55.attn_qkv.weight
create_tensor: loading tensor blk.55.attn_q.weight
create_tensor: loading tensor blk.55.attn_k.weight
create_tensor: loading tensor blk.55.attn_v.weight
create_tensor: loading tensor blk.55.attn_q.bias
create_tensor: loading tensor blk.55.attn_k.bias
create_tensor: loading tensor blk.55.attn_v.bias
create_tensor: loading tensor blk.55.attn_output.weight
create_tensor: loading tensor blk.55.attn_k_norm.weight
create_tensor: loading tensor blk.55.attn_q_norm.weight
create_tensor: loading tensor blk.55.ffn_norm.weight
create_tensor: loading tensor blk.55.ffn_gate_inp.weight
create_tensor: loading tensor blk.55.ffn_gate_exps.weight
tensor blk.55.ffn_gate_exps.weight (1350 MiB q4_K) buffer type overridden to CUDA_Host
create_tensor: loading tensor blk.55.ffn_down_exps.weight
tensor blk.55.ffn_down_exps.weight (1968 MiB q6_K) buffer type overridden to CUDA_Host
create_tensor: loading tensor blk.55.ffn_up_exps.weight
tensor blk.55.ffn_up_exps.weight (1350 MiB q4_K) buffer type overridden to CUDA_Host
create_tensor: loading tensor blk.56.attn_norm.weight
create_tensor: loading tensor blk.56.attn_qkv.weight
create_tensor: loading tensor blk.56.attn_q.weight
create_tensor: loading tensor blk.56.attn_k.weight
create_tensor: loading tensor blk.56.attn_v.weight
create_tensor: loading tensor blk.56.attn_q.bias
create_tensor: loading tensor blk.56.attn_k.bias
create_tensor: loading tensor blk.56.attn_v.bias
create_tensor: loading tensor blk.56.attn_output.weight
create_tensor: loading tensor blk.56.attn_k_norm.weight
create_tensor: loading tensor blk.56.attn_q_norm.weight
create_tensor: loading tensor blk.56.ffn_norm.weight
create_tensor: loading tensor blk.56.ffn_gate_inp.weight
create_tensor: loading tensor blk.56.ffn_gate_exps.weight
tensor blk.56.ffn_gate_exps.weight (1350 MiB q4_K) buffer type overridden to CUDA_Host
create_tensor: loading tensor blk.56.ffn_down_exps.weight
tensor blk.56.ffn_down_exps.weight (1968 MiB q6_K) buffer type overridden to CUDA_Host
create_tensor: loading tensor blk.56.ffn_up_exps.weight
tensor blk.56.ffn_up_exps.weight (1350 MiB q4_K) buffer type overridden to CUDA_Host
create_tensor: loading tensor blk.57.attn_norm.weight
create_tensor: loading tensor blk.57.attn_qkv.weight
create_tensor: loading tensor blk.57.attn_q.weight
create_tensor: loading tensor blk.57.attn_k.weight
create_tensor: loading tensor blk.57.attn_v.weight
create_tensor: loading tensor blk.57.attn_q.bias
create_tensor: loading tensor blk.57.attn_k.bias
create_tensor: loading tensor blk.57.attn_v.bias
create_tensor: loading tensor blk.57.attn_output.weight
create_tensor: loading tensor blk.57.attn_k_norm.weight
create_tensor: loading tensor blk.57.attn_q_norm.weight
create_tensor: loading tensor blk.57.ffn_norm.weight
create_tensor: loading tensor blk.57.ffn_gate_inp.weight
create_tensor: loading tensor blk.57.ffn_gate_exps.weight
tensor blk.57.ffn_gate_exps.weight (1350 MiB q4_K) buffer type overridden to CUDA_Host
create_tensor: loading tensor blk.57.ffn_down_exps.weight
tensor blk.57.ffn_down_exps.weight (1968 MiB q6_K) buffer type overridden to CUDA_Host
create_tensor: loading tensor blk.57.ffn_up_exps.weight
tensor blk.57.ffn_up_exps.weight (1350 MiB q4_K) buffer type overridden to CUDA_Host
create_tensor: loading tensor blk.58.attn_norm.weight
create_tensor: loading tensor blk.58.attn_qkv.weight
create_tensor: loading tensor blk.58.attn_q.weight
create_tensor: loading tensor blk.58.attn_k.weight
create_tensor: loading tensor blk.58.attn_v.weight
create_tensor: loading tensor blk.58.attn_q.bias
create_tensor: loading tensor blk.58.attn_k.bias
create_tensor: loading tensor blk.58.attn_v.bias
create_tensor: loading tensor blk.58.attn_output.weight
create_tensor: loading tensor blk.58.attn_k_norm.weight
create_tensor: loading tensor blk.58.attn_q_norm.weight
create_tensor: loading tensor blk.58.ffn_norm.weight
create_tensor: loading tensor blk.58.ffn_gate_inp.weight
create_tensor: loading tensor blk.58.ffn_gate_exps.weight
tensor blk.58.ffn_gate_exps.weight (1350 MiB q4_K) buffer type overridden to CUDA_Host
create_tensor: loading tensor blk.58.ffn_down_exps.weight
tensor blk.58.ffn_down_exps.weight (1968 MiB q6_K) buffer type overridden to CUDA_Host
create_tensor: loading tensor blk.58.ffn_up_exps.weight
tensor blk.58.ffn_up_exps.weight (1350 MiB q4_K) buffer type overridden to CUDA_Host
create_tensor: loading tensor blk.59.attn_norm.weight
create_tensor: loading tensor blk.59.attn_qkv.weight
create_tensor: loading tensor blk.59.attn_q.weight
create_tensor: loading tensor blk.59.attn_k.weight
create_tensor: loading tensor blk.59.attn_v.weight
create_tensor: loading tensor blk.59.attn_q.bias
create_tensor: loading tensor blk.59.attn_k.bias
create_tensor: loading tensor blk.59.attn_v.bias
create_tensor: loading tensor blk.59.attn_output.weight
create_tensor: loading tensor blk.59.attn_k_norm.weight
create_tensor: loading tensor blk.59.attn_q_norm.weight
create_tensor: loading tensor blk.59.ffn_norm.weight
create_tensor: loading tensor blk.59.ffn_gate_inp.weight
create_tensor: loading tensor blk.59.ffn_gate_exps.weight
tensor blk.59.ffn_gate_exps.weight (1350 MiB q4_K) buffer type overridden to CUDA_Host
create_tensor: loading tensor blk.59.ffn_down_exps.weight
tensor blk.59.ffn_down_exps.weight (1968 MiB q6_K) buffer type overridden to CUDA_Host
create_tensor: loading tensor blk.59.ffn_up_exps.weight
tensor blk.59.ffn_up_exps.weight (1350 MiB q4_K) buffer type overridden to CUDA_Host
create_tensor: loading tensor blk.60.attn_norm.weight
create_tensor: loading tensor blk.60.attn_qkv.weight
create_tensor: loading tensor blk.60.attn_q.weight
create_tensor: loading tensor blk.60.attn_k.weight
create_tensor: loading tensor blk.60.attn_v.weight
create_tensor: loading tensor blk.60.attn_q.bias
create_tensor: loading tensor blk.60.attn_k.bias
create_tensor: loading tensor blk.60.attn_v.bias
create_tensor: loading tensor blk.60.attn_output.weight
create_tensor: loading tensor blk.60.attn_k_norm.weight
create_tensor: loading tensor blk.60.attn_q_norm.weight
create_tensor: loading tensor blk.60.ffn_norm.weight
create_tensor: loading tensor blk.60.ffn_gate_inp.weight
create_tensor: loading tensor blk.60.ffn_gate_exps.weight
tensor blk.60.ffn_gate_exps.weight (1350 MiB q4_K) buffer type overridden to CUDA_Host
create_tensor: loading tensor blk.60.ffn_down_exps.weight
tensor blk.60.ffn_down_exps.weight (1968 MiB q6_K) buffer type overridden to CUDA_Host
create_tensor: loading tensor blk.60.ffn_up_exps.weight
tensor blk.60.ffn_up_exps.weight (1350 MiB q4_K) buffer type overridden to CUDA_Host
create_tensor: loading tensor blk.61.attn_norm.weight
create_tensor: loading tensor blk.61.attn_qkv.weight
create_tensor: loading tensor blk.61.attn_q.weight
create_tensor: loading tensor blk.61.attn_k.weight
create_tensor: loading tensor blk.61.attn_v.weight
create_tensor: loading tensor blk.61.attn_q.bias
create_tensor: loading tensor blk.61.attn_k.bias
create_tensor: loading tensor blk.61.attn_v.bias
create_tensor: loading tensor blk.61.attn_output.weight
create_tensor: loading tensor blk.61.attn_k_norm.weight
create_tensor: loading tensor blk.61.attn_q_norm.weight
create_tensor: loading tensor blk.61.ffn_norm.weight
create_tensor: loading tensor blk.61.ffn_gate_inp.weight
create_tensor: loading tensor blk.61.ffn_gate_exps.weight
tensor blk.61.ffn_gate_exps.weight (1350 MiB q4_K) buffer type overridden to CUDA_Host
create_tensor: loading tensor blk.61.ffn_down_exps.weight
tensor blk.61.ffn_down_exps.weight (1968 MiB q6_K) buffer type overridden to CUDA_Host
create_tensor: loading tensor blk.61.ffn_up_exps.weight
tensor blk.61.ffn_up_exps.weight (1350 MiB q4_K) buffer type overridden to CUDA_Host
create_tensor: loading tensor blk.0.attn_q.scale
create_tensor: loading tensor blk.0.attn_k.scale
create_tensor: loading tensor blk.0.attn_v.scale
create_tensor: loading tensor blk.0.attn_output.scale
create_tensor: loading tensor blk.0.ffn_gate_exps.scale
create_tensor: loading tensor blk.0.ffn_down_exps.scale
create_tensor: loading tensor blk.0.ffn_up_exps.scale
create_tensor: loading tensor blk.0.attn_q.input_scale
create_tensor: loading tensor blk.0.attn_k.input_scale
create_tensor: loading tensor blk.0.attn_v.input_scale
create_tensor: loading tensor blk.0.attn_output.input_scale
create_tensor: loading tensor blk.0.ffn_gate_exps.input_scale
create_tensor: loading tensor blk.0.ffn_down_exps.input_scale
create_tensor: loading tensor blk.0.ffn_up_exps.input_scale
create_tensor: loading tensor blk.1.attn_q.scale
create_tensor: loading tensor blk.1.attn_k.scale
create_tensor: loading tensor blk.1.attn_v.scale
create_tensor: loading tensor blk.1.attn_output.scale
create_tensor: loading tensor blk.1.ffn_gate_exps.scale
create_tensor: loading tensor blk.1.ffn_down_exps.scale
create_tensor: loading tensor blk.1.ffn_up_exps.scale
create_tensor: loading tensor blk.1.attn_q.input_scale
create_tensor: loading tensor blk.1.attn_k.input_scale
create_tensor: loading tensor blk.1.attn_v.input_scale
create_tensor: loading tensor blk.1.attn_output.input_scale
create_tensor: loading tensor blk.1.ffn_gate_exps.input_scale
create_tensor: loading tensor blk.1.ffn_down_exps.input_scale
create_tensor: loading tensor blk.1.ffn_up_exps.input_scale
create_tensor: loading tensor blk.2.attn_q.scale
create_tensor: loading tensor blk.2.attn_k.scale
create_tensor: loading tensor blk.2.attn_v.scale
create_tensor: loading tensor blk.2.attn_output.scale
create_tensor: loading tensor blk.2.ffn_gate_exps.scale
create_tensor: loading tensor blk.2.ffn_down_exps.scale
create_tensor: loading tensor blk.2.ffn_up_exps.scale
create_tensor: loading tensor blk.2.attn_q.input_scale
create_tensor: loading tensor blk.2.attn_k.input_scale
create_tensor: loading tensor blk.2.attn_v.input_scale
create_tensor: loading tensor blk.2.attn_output.input_scale
create_tensor: loading tensor blk.2.ffn_gate_exps.input_scale
create_tensor: loading tensor blk.2.ffn_down_exps.input_scale
create_tensor: loading tensor blk.2.ffn_up_exps.input_scale
create_tensor: loading tensor blk.3.attn_q.scale
create_tensor: loading tensor blk.3.attn_k.scale
create_tensor: loading tensor blk.3.attn_v.scale
create_tensor: loading tensor blk.3.attn_output.scale
create_tensor: loading tensor blk.3.ffn_gate_exps.scale
create_tensor: loading tensor blk.3.ffn_down_exps.scale
create_tensor: loading tensor blk.3.ffn_up_exps.scale
create_tensor: loading tensor blk.3.attn_q.input_scale
create_tensor: loading tensor blk.3.attn_k.input_scale
create_tensor: loading tensor blk.3.attn_v.input_scale
create_tensor: loading tensor blk.3.attn_output.input_scale
create_tensor: loading tensor blk.3.ffn_gate_exps.input_scale
create_tensor: loading tensor blk.3.ffn_down_exps.input_scale
create_tensor: loading tensor blk.3.ffn_up_exps.input_scale
create_tensor: loading tensor blk.4.attn_q.scale
create_tensor: loading tensor blk.4.attn_k.scale
create_tensor: loading tensor blk.4.attn_v.scale
create_tensor: loading tensor blk.4.attn_output.scale
create_tensor: loading tensor blk.4.ffn_gate_exps.scale
create_tensor: loading tensor blk.4.ffn_down_exps.scale
create_tensor: loading tensor blk.4.ffn_up_exps.scale
create_tensor: loading tensor blk.4.attn_q.input_scale
create_tensor: loading tensor blk.4.attn_k.input_scale
create_tensor: loading tensor blk.4.attn_v.input_scale
create_tensor: loading tensor blk.4.attn_output.input_scale
create_tensor: loading tensor blk.4.ffn_gate_exps.input_scale
create_tensor: loading tensor blk.4.ffn_down_exps.input_scale
create_tensor: loading tensor blk.4.ffn_up_exps.input_scale
create_tensor: loading tensor blk.5.attn_q.scale
create_tensor: loading tensor blk.5.attn_k.scale
create_tensor: loading tensor blk.5.attn_v.scale
create_tensor: loading tensor blk.5.attn_output.scale
create_tensor: loading tensor blk.5.ffn_gate_exps.scale
create_tensor: loading tensor blk.5.ffn_down_exps.scale
create_tensor: loading tensor blk.5.ffn_up_exps.scale
create_tensor: loading tensor blk.5.attn_q.input_scale
create_tensor: loading tensor blk.5.attn_k.input_scale
create_tensor: loading tensor blk.5.attn_v.input_scale
create_tensor: loading tensor blk.5.attn_output.input_scale
create_tensor: loading tensor blk.5.ffn_gate_exps.input_scale
create_tensor: loading tensor blk.5.ffn_down_exps.input_scale
create_tensor: loading tensor blk.5.ffn_up_exps.input_scale
create_tensor: loading tensor blk.6.attn_q.scale
create_tensor: loading tensor blk.6.attn_k.scale
create_tensor: loading tensor blk.6.attn_v.scale
create_tensor: loading tensor blk.6.attn_output.scale
create_tensor: loading tensor blk.6.ffn_gate_exps.scale
create_tensor: loading tensor blk.6.ffn_down_exps.scale
create_tensor: loading tensor blk.6.ffn_up_exps.scale
create_tensor: loading tensor blk.6.attn_q.input_scale
create_tensor: loading tensor blk.6.attn_k.input_scale
create_tensor: loading tensor blk.6.attn_v.input_scale
create_tensor: loading tensor blk.6.attn_output.input_scale
create_tensor: loading tensor blk.6.ffn_gate_exps.input_scale
create_tensor: loading tensor blk.6.ffn_down_exps.input_scale
create_tensor: loading tensor blk.6.ffn_up_exps.input_scale
create_tensor: loading tensor blk.7.attn_q.scale
create_tensor: loading tensor blk.7.attn_k.scale
create_tensor: loading tensor blk.7.attn_v.scale
create_tensor: loading tensor blk.7.attn_output.scale
create_tensor: loading tensor blk.7.ffn_gate_exps.scale
create_tensor: loading tensor blk.7.ffn_down_exps.scale
create_tensor: loading tensor blk.7.ffn_up_exps.scale
create_tensor: loading tensor blk.7.attn_q.input_scale
create_tensor: loading tensor blk.7.attn_k.input_scale
create_tensor: loading tensor blk.7.attn_v.input_scale
create_tensor: loading tensor blk.7.attn_output.input_scale
create_tensor: loading tensor blk.7.ffn_gate_exps.input_scale
create_tensor: loading tensor blk.7.ffn_down_exps.input_scale
create_tensor: loading tensor blk.7.ffn_up_exps.input_scale
create_tensor: loading tensor blk.8.attn_q.scale
create_tensor: loading tensor blk.8.attn_k.scale
create_tensor: loading tensor blk.8.attn_v.scale
create_tensor: loading tensor blk.8.attn_output.scale
create_tensor: loading tensor blk.8.ffn_gate_exps.scale
create_tensor: loading tensor blk.8.ffn_down_exps.scale
create_tensor: loading tensor blk.8.ffn_up_exps.scale
create_tensor: loading tensor blk.8.attn_q.input_scale
create_tensor: loading tensor blk.8.attn_k.input_scale
create_tensor: loading tensor blk.8.attn_v.input_scale
create_tensor: loading tensor blk.8.attn_output.input_scale
create_tensor: loading tensor blk.8.ffn_gate_exps.input_scale
create_tensor: loading tensor blk.8.ffn_down_exps.input_scale
create_tensor: loading tensor blk.8.ffn_up_exps.input_scale
create_tensor: loading tensor blk.9.attn_q.scale
create_tensor: loading tensor blk.9.attn_k.scale
create_tensor: loading tensor blk.9.attn_v.scale
create_tensor: loading tensor blk.9.attn_output.scale
create_tensor: loading tensor blk.9.ffn_gate_exps.scale
create_tensor: loading tensor blk.9.ffn_down_exps.scale
create_tensor: loading tensor blk.9.ffn_up_exps.scale
create_tensor: loading tensor blk.9.attn_q.input_scale
create_tensor: loading tensor blk.9.attn_k.input_scale
create_tensor: loading tensor blk.9.attn_v.input_scale
create_tensor: loading tensor blk.9.attn_output.input_scale
create_tensor: loading tensor blk.9.ffn_gate_exps.input_scale
create_tensor: loading tensor blk.9.ffn_down_exps.input_scale
create_tensor: loading tensor blk.9.ffn_up_exps.input_scale
create_tensor: loading tensor blk.10.attn_q.scale
create_tensor: loading tensor blk.10.attn_k.scale
create_tensor: loading tensor blk.10.attn_v.scale
create_tensor: loading tensor blk.10.attn_output.scale
create_tensor: loading tensor blk.10.ffn_gate_exps.scale
create_tensor: loading tensor blk.10.ffn_down_exps.scale
create_tensor: loading tensor blk.10.ffn_up_exps.scale
create_tensor: loading tensor blk.10.attn_q.input_scale
create_tensor: loading tensor blk.10.attn_k.input_scale
create_tensor: loading tensor blk.10.attn_v.input_scale
create_tensor: loading tensor blk.10.attn_output.input_scale
create_tensor: loading tensor blk.10.ffn_gate_exps.input_scale
create_tensor: loading tensor blk.10.ffn_down_exps.input_scale
create_tensor: loading tensor blk.10.ffn_up_exps.input_scale
create_tensor: loading tensor blk.11.attn_q.scale
create_tensor: loading tensor blk.11.attn_k.scale
create_tensor: loading tensor blk.11.attn_v.scale
create_tensor: loading tensor blk.11.attn_output.scale
create_tensor: loading tensor blk.11.ffn_gate_exps.scale
create_tensor: loading tensor blk.11.ffn_down_exps.scale
create_tensor: loading tensor blk.11.ffn_up_exps.scale
create_tensor: loading tensor blk.11.attn_q.input_scale
create_tensor: loading tensor blk.11.attn_k.input_scale
create_tensor: loading tensor blk.11.attn_v.input_scale
create_tensor: loading tensor blk.11.attn_output.input_scale
create_tensor: loading tensor blk.11.ffn_gate_exps.input_scale
create_tensor: loading tensor blk.11.ffn_down_exps.input_scale
create_tensor: loading tensor blk.11.ffn_up_exps.input_scale
create_tensor: loading tensor blk.12.attn_q.scale
create_tensor: loading tensor blk.12.attn_k.scale
create_tensor: loading tensor blk.12.attn_v.scale
create_tensor: loading tensor blk.12.attn_output.scale
create_tensor: loading tensor blk.12.ffn_gate_exps.scale
create_tensor: loading tensor blk.12.ffn_down_exps.scale
create_tensor: loading tensor blk.12.ffn_up_exps.scale
create_tensor: loading tensor blk.12.attn_q.input_scale
create_tensor: loading tensor blk.12.attn_k.input_scale
create_tensor: loading tensor blk.12.attn_v.input_scale
create_tensor: loading tensor blk.12.attn_output.input_scale
create_tensor: loading tensor blk.12.ffn_gate_exps.input_scale
create_tensor: loading tensor blk.12.ffn_down_exps.input_scale
create_tensor: loading tensor blk.12.ffn_up_exps.input_scale
create_tensor: loading tensor blk.13.attn_q.scale
create_tensor: loading tensor blk.13.attn_k.scale
create_tensor: loading tensor blk.13.attn_v.scale
create_tensor: loading tensor blk.13.attn_output.scale
create_tensor: loading tensor blk.13.ffn_gate_exps.scale
create_tensor: loading tensor blk.13.ffn_down_exps.scale
create_tensor: loading tensor blk.13.ffn_up_exps.scale
create_tensor: loading tensor blk.13.attn_q.input_scale
create_tensor: loading tensor blk.13.attn_k.input_scale
create_tensor: loading tensor blk.13.attn_v.input_scale
create_tensor: loading tensor blk.13.attn_output.input_scale
create_tensor: loading tensor blk.13.ffn_gate_exps.input_scale
create_tensor: loading tensor blk.13.ffn_down_exps.input_scale
create_tensor: loading tensor blk.13.ffn_up_exps.input_scale
create_tensor: loading tensor blk.14.attn_q.scale
create_tensor: loading tensor blk.14.attn_k.scale
create_tensor: loading tensor blk.14.attn_v.scale
create_tensor: loading tensor blk.14.attn_output.scale
create_tensor: loading tensor blk.14.ffn_gate_exps.scale
create_tensor: loading tensor blk.14.ffn_down_exps.scale
create_tensor: loading tensor blk.14.ffn_up_exps.scale
create_tensor: loading tensor blk.14.attn_q.input_scale
create_tensor: loading tensor blk.14.attn_k.input_scale
create_tensor: loading tensor blk.14.attn_v.input_scale
create_tensor: loading tensor blk.14.attn_output.input_scale
create_tensor: loading tensor blk.14.ffn_gate_exps.input_scale
create_tensor: loading tensor blk.14.ffn_down_exps.input_scale
create_tensor: loading tensor blk.14.ffn_up_exps.input_scale
create_tensor: loading tensor blk.15.attn_q.scale
create_tensor: loading tensor blk.15.attn_k.scale
create_tensor: loading tensor blk.15.attn_v.scale
create_tensor: loading tensor blk.15.attn_output.scale
create_tensor: loading tensor blk.15.ffn_gate_exps.scale
create_tensor: loading tensor blk.15.ffn_down_exps.scale
create_tensor: loading tensor blk.15.ffn_up_exps.scale
create_tensor: loading tensor blk.15.attn_q.input_scale
create_tensor: loading tensor blk.15.attn_k.input_scale
create_tensor: loading tensor blk.15.attn_v.input_scale
create_tensor: loading tensor blk.15.attn_output.input_scale
create_tensor: loading tensor blk.15.ffn_gate_exps.input_scale
create_tensor: loading tensor blk.15.ffn_down_exps.input_scale
create_tensor: loading tensor blk.15.ffn_up_exps.input_scale
create_tensor: loading tensor blk.16.attn_q.scale
create_tensor: loading tensor blk.16.attn_k.scale
create_tensor: loading tensor blk.16.attn_v.scale
create_tensor: loading tensor blk.16.attn_output.scale
create_tensor: loading tensor blk.16.ffn_gate_exps.scale
create_tensor: loading tensor blk.16.ffn_down_exps.scale
create_tensor: loading tensor blk.16.ffn_up_exps.scale
create_tensor: loading tensor blk.16.attn_q.input_scale
create_tensor: loading tensor blk.16.attn_k.input_scale
create_tensor: loading tensor blk.16.attn_v.input_scale
create_tensor: loading tensor blk.16.attn_output.input_scale
create_tensor: loading tensor blk.16.ffn_gate_exps.input_scale
create_tensor: loading tensor blk.16.ffn_down_exps.input_scale
create_tensor: loading tensor blk.16.ffn_up_exps.input_scale
create_tensor: loading tensor blk.17.attn_q.scale
create_tensor: loading tensor blk.17.attn_k.scale
create_tensor: loading tensor blk.17.attn_v.scale
create_tensor: loading tensor blk.17.attn_output.scale
create_tensor: loading tensor blk.17.ffn_gate_exps.scale
create_tensor: loading tensor blk.17.ffn_down_exps.scale
create_tensor: loading tensor blk.17.ffn_up_exps.scale
create_tensor: loading tensor blk.17.attn_q.input_scale
create_tensor: loading tensor blk.17.attn_k.input_scale
create_tensor: loading tensor blk.17.attn_v.input_scale
create_tensor: loading tensor blk.17.attn_output.input_scale
create_tensor: loading tensor blk.17.ffn_gate_exps.input_scale
create_tensor: loading tensor blk.17.ffn_down_exps.input_scale
create_tensor: loading tensor blk.17.ffn_up_exps.input_scale
create_tensor: loading tensor blk.18.attn_q.scale
create_tensor: loading tensor blk.18.attn_k.scale
create_tensor: loading tensor blk.18.attn_v.scale
create_tensor: loading tensor blk.18.attn_output.scale
create_tensor: loading tensor blk.18.ffn_gate_exps.scale
create_tensor: loading tensor blk.18.ffn_down_exps.scale
create_tensor: loading tensor blk.18.ffn_up_exps.scale
create_tensor: loading tensor blk.18.attn_q.input_scale
create_tensor: loading tensor blk.18.attn_k.input_scale
create_tensor: loading tensor blk.18.attn_v.input_scale
create_tensor: loading tensor blk.18.attn_output.input_scale
create_tensor: loading tensor blk.18.ffn_gate_exps.input_scale
create_tensor: loading tensor blk.18.ffn_down_exps.input_scale
create_tensor: loading tensor blk.18.ffn_up_exps.input_scale
create_tensor: loading tensor blk.19.attn_q.scale
create_tensor: loading tensor blk.19.attn_k.scale
create_tensor: loading tensor blk.19.attn_v.scale
create_tensor: loading tensor blk.19.attn_output.scale
create_tensor: loading tensor blk.19.ffn_gate_exps.scale
create_tensor: loading tensor blk.19.ffn_down_exps.scale
create_tensor: loading tensor blk.19.ffn_up_exps.scale
create_tensor: loading tensor blk.19.attn_q.input_scale
create_tensor: loading tensor blk.19.attn_k.input_scale
create_tensor: loading tensor blk.19.attn_v.input_scale
create_tensor: loading tensor blk.19.attn_output.input_scale
create_tensor: loading tensor blk.19.ffn_gate_exps.input_scale
create_tensor: loading tensor blk.19.ffn_down_exps.input_scale
create_tensor: loading tensor blk.19.ffn_up_exps.input_scale
create_tensor: loading tensor blk.20.attn_q.scale
create_tensor: loading tensor blk.20.attn_k.scale
create_tensor: loading tensor blk.20.attn_v.scale
create_tensor: loading tensor blk.20.attn_output.scale
create_tensor: loading tensor blk.20.ffn_gate_exps.scale
create_tensor: loading tensor blk.20.ffn_down_exps.scale
create_tensor: loading tensor blk.20.ffn_up_exps.scale
create_tensor: loading tensor blk.20.attn_q.input_scale
create_tensor: loading tensor blk.20.attn_k.input_scale
create_tensor: loading tensor blk.20.attn_v.input_scale
create_tensor: loading tensor blk.20.attn_output.input_scale
create_tensor: loading tensor blk.20.ffn_gate_exps.input_scale
create_tensor: loading tensor blk.20.ffn_down_exps.input_scale
create_tensor: loading tensor blk.20.ffn_up_exps.input_scale
create_tensor: loading tensor blk.21.attn_q.scale
create_tensor: loading tensor blk.21.attn_k.scale
create_tensor: loading tensor blk.21.attn_v.scale
create_tensor: loading tensor blk.21.attn_output.scale
create_tensor: loading tensor blk.21.ffn_gate_exps.scale
create_tensor: loading tensor blk.21.ffn_down_exps.scale
create_tensor: loading tensor blk.21.ffn_up_exps.scale
create_tensor: loading tensor blk.21.attn_q.input_scale
create_tensor: loading tensor blk.21.attn_k.input_scale
create_tensor: loading tensor blk.21.attn_v.input_scale
create_tensor: loading tensor blk.21.attn_output.input_scale
create_tensor: loading tensor blk.21.ffn_gate_exps.input_scale
create_tensor: loading tensor blk.21.ffn_down_exps.input_scale
create_tensor: loading tensor blk.21.ffn_up_exps.input_scale
create_tensor: loading tensor blk.22.attn_q.scale
create_tensor: loading tensor blk.22.attn_k.scale
create_tensor: loading tensor blk.22.attn_v.scale
create_tensor: loading tensor blk.22.attn_output.scale
create_tensor: loading tensor blk.22.ffn_gate_exps.scale
create_tensor: loading tensor blk.22.ffn_down_exps.scale
create_tensor: loading tensor blk.22.ffn_up_exps.scale
create_tensor: loading tensor blk.22.attn_q.input_scale
create_tensor: loading tensor blk.22.attn_k.input_scale
create_tensor: loading tensor blk.22.attn_v.input_scale
create_tensor: loading tensor blk.22.attn_output.input_scale
create_tensor: loading tensor blk.22.ffn_gate_exps.input_scale
create_tensor: loading tensor blk.22.ffn_down_exps.input_scale
create_tensor: loading tensor blk.22.ffn_up_exps.input_scale
create_tensor: loading tensor blk.23.attn_q.scale
create_tensor: loading tensor blk.23.attn_k.scale
create_tensor: loading tensor blk.23.attn_v.scale
create_tensor: loading tensor blk.23.attn_output.scale
create_tensor: loading tensor blk.23.ffn_gate_exps.scale
create_tensor: loading tensor blk.23.ffn_down_exps.scale
create_tensor: loading tensor blk.23.ffn_up_exps.scale
create_tensor: loading tensor blk.23.attn_q.input_scale
create_tensor: loading tensor blk.23.attn_k.input_scale
create_tensor: loading tensor blk.23.attn_v.input_scale
create_tensor: loading tensor blk.23.attn_output.input_scale
create_tensor: loading tensor blk.23.ffn_gate_exps.input_scale
create_tensor: loading tensor blk.23.ffn_down_exps.input_scale
create_tensor: loading tensor blk.23.ffn_up_exps.input_scale
create_tensor: loading tensor blk.24.attn_q.scale
create_tensor: loading tensor blk.24.attn_k.scale
create_tensor: loading tensor blk.24.attn_v.scale
create_tensor: loading tensor blk.24.attn_output.scale
create_tensor: loading tensor blk.24.ffn_gate_exps.scale
create_tensor: loading tensor blk.24.ffn_down_exps.scale
create_tensor: loading tensor blk.24.ffn_up_exps.scale
create_tensor: loading tensor blk.24.attn_q.input_scale
create_tensor: loading tensor blk.24.attn_k.input_scale
create_tensor: loading tensor blk.24.attn_v.input_scale
create_tensor: loading tensor blk.24.attn_output.input_scale
create_tensor: loading tensor blk.24.ffn_gate_exps.input_scale
create_tensor: loading tensor blk.24.ffn_down_exps.input_scale
create_tensor: loading tensor blk.24.ffn_up_exps.input_scale
create_tensor: loading tensor blk.25.attn_q.scale
create_tensor: loading tensor blk.25.attn_k.scale
create_tensor: loading tensor blk.25.attn_v.scale
create_tensor: loading tensor blk.25.attn_output.scale
create_tensor: loading tensor blk.25.ffn_gate_exps.scale
create_tensor: loading tensor blk.25.ffn_down_exps.scale
create_tensor: loading tensor blk.25.ffn_up_exps.scale
create_tensor: loading tensor blk.25.attn_q.input_scale
create_tensor: loading tensor blk.25.attn_k.input_scale
create_tensor: loading tensor blk.25.attn_v.input_scale
create_tensor: loading tensor blk.25.attn_output.input_scale
create_tensor: loading tensor blk.25.ffn_gate_exps.input_scale
create_tensor: loading tensor blk.25.ffn_down_exps.input_scale
create_tensor: loading tensor blk.25.ffn_up_exps.input_scale
create_tensor: loading tensor blk.26.attn_q.scale
create_tensor: loading tensor blk.26.attn_k.scale
create_tensor: loading tensor blk.26.attn_v.scale
create_tensor: loading tensor blk.26.attn_output.scale
create_tensor: loading tensor blk.26.ffn_gate_exps.scale
create_tensor: loading tensor blk.26.ffn_down_exps.scale
create_tensor: loading tensor blk.26.ffn_up_exps.scale
create_tensor: loading tensor blk.26.attn_q.input_scale
create_tensor: loading tensor blk.26.attn_k.input_scale
create_tensor: loading tensor blk.26.attn_v.input_scale
create_tensor: loading tensor blk.26.attn_output.input_scale
create_tensor: loading tensor blk.26.ffn_gate_exps.input_scale
create_tensor: loading tensor blk.26.ffn_down_exps.input_scale
create_tensor: loading tensor blk.26.ffn_up_exps.input_scale
create_tensor: loading tensor blk.27.attn_q.scale
create_tensor: loading tensor blk.27.attn_k.scale
create_tensor: loading tensor blk.27.attn_v.scale
create_tensor: loading tensor blk.27.attn_output.scale
create_tensor: loading tensor blk.27.ffn_gate_exps.scale
create_tensor: loading tensor blk.27.ffn_down_exps.scale
create_tensor: loading tensor blk.27.ffn_up_exps.scale
create_tensor: loading tensor blk.27.attn_q.input_scale
create_tensor: loading tensor blk.27.attn_k.input_scale
create_tensor: loading tensor blk.27.attn_v.input_scale
create_tensor: loading tensor blk.27.attn_output.input_scale
create_tensor: loading tensor blk.27.ffn_gate_exps.input_scale
create_tensor: loading tensor blk.27.ffn_down_exps.input_scale
create_tensor: loading tensor blk.27.ffn_up_exps.input_scale
create_tensor: loading tensor blk.28.attn_q.scale
create_tensor: loading tensor blk.28.attn_k.scale
create_tensor: loading tensor blk.28.attn_v.scale
create_tensor: loading tensor blk.28.attn_output.scale
create_tensor: loading tensor blk.28.ffn_gate_exps.scale
create_tensor: loading tensor blk.28.ffn_down_exps.scale
create_tensor: loading tensor blk.28.ffn_up_exps.scale
create_tensor: loading tensor blk.28.attn_q.input_scale
create_tensor: loading tensor blk.28.attn_k.input_scale
create_tensor: loading tensor blk.28.attn_v.input_scale
create_tensor: loading tensor blk.28.attn_output.input_scale
create_tensor: loading tensor blk.28.ffn_gate_exps.input_scale
create_tensor: loading tensor blk.28.ffn_down_exps.input_scale
create_tensor: loading tensor blk.28.ffn_up_exps.input_scale
create_tensor: loading tensor blk.29.attn_q.scale
create_tensor: loading tensor blk.29.attn_k.scale
create_tensor: loading tensor blk.29.attn_v.scale
create_tensor: loading tensor blk.29.attn_output.scale
create_tensor: loading tensor blk.29.ffn_gate_exps.scale
create_tensor: loading tensor blk.29.ffn_down_exps.scale
create_tensor: loading tensor blk.29.ffn_up_exps.scale
create_tensor: loading tensor blk.29.attn_q.input_scale
create_tensor: loading tensor blk.29.attn_k.input_scale
create_tensor: loading tensor blk.29.attn_v.input_scale
create_tensor: loading tensor blk.29.attn_output.input_scale
create_tensor: loading tensor blk.29.ffn_gate_exps.input_scale
create_tensor: loading tensor blk.29.ffn_down_exps.input_scale
create_tensor: loading tensor blk.29.ffn_up_exps.input_scale
create_tensor: loading tensor blk.30.attn_q.scale
create_tensor: loading tensor blk.30.attn_k.scale
create_tensor: loading tensor blk.30.attn_v.scale
create_tensor: loading tensor blk.30.attn_output.scale
create_tensor: loading tensor blk.30.ffn_gate_exps.scale
create_tensor: loading tensor blk.30.ffn_down_exps.scale
create_tensor: loading tensor blk.30.ffn_up_exps.scale
create_tensor: loading tensor blk.30.attn_q.input_scale
create_tensor: loading tensor blk.30.attn_k.input_scale
create_tensor: loading tensor blk.30.attn_v.input_scale
create_tensor: loading tensor blk.30.attn_output.input_scale
create_tensor: loading tensor blk.30.ffn_gate_exps.input_scale
create_tensor: loading tensor blk.30.ffn_down_exps.input_scale
create_tensor: loading tensor blk.30.ffn_up_exps.input_scale
create_tensor: loading tensor blk.31.attn_q.scale
create_tensor: loading tensor blk.31.attn_k.scale
create_tensor: loading tensor blk.31.attn_v.scale
create_tensor: loading tensor blk.31.attn_output.scale
create_tensor: loading tensor blk.31.ffn_gate_exps.scale
create_tensor: loading tensor blk.31.ffn_down_exps.scale
create_tensor: loading tensor blk.31.ffn_up_exps.scale
create_tensor: loading tensor blk.31.attn_q.input_scale
create_tensor: loading tensor blk.31.attn_k.input_scale
create_tensor: loading tensor blk.31.attn_v.input_scale
create_tensor: loading tensor blk.31.attn_output.input_scale
create_tensor: loading tensor blk.31.ffn_gate_exps.input_scale
create_tensor: loading tensor blk.31.ffn_down_exps.input_scale
create_tensor: loading tensor blk.31.ffn_up_exps.input_scale
create_tensor: loading tensor blk.32.attn_q.scale
create_tensor: loading tensor blk.32.attn_k.scale
create_tensor: loading tensor blk.32.attn_v.scale
create_tensor: loading tensor blk.32.attn_output.scale
create_tensor: loading tensor blk.32.ffn_gate_exps.scale
create_tensor: loading tensor blk.32.ffn_down_exps.scale
create_tensor: loading tensor blk.32.ffn_up_exps.scale
create_tensor: loading tensor blk.32.attn_q.input_scale
create_tensor: loading tensor blk.32.attn_k.input_scale
create_tensor: loading tensor blk.32.attn_v.input_scale
create_tensor: loading tensor blk.32.attn_output.input_scale
create_tensor: loading tensor blk.32.ffn_gate_exps.input_scale
create_tensor: loading tensor blk.32.ffn_down_exps.input_scale
create_tensor: loading tensor blk.32.ffn_up_exps.input_scale
create_tensor: loading tensor blk.33.attn_q.scale
create_tensor: loading tensor blk.33.attn_k.scale
create_tensor: loading tensor blk.33.attn_v.scale
create_tensor: loading tensor blk.33.attn_output.scale
create_tensor: loading tensor blk.33.ffn_gate_exps.scale
create_tensor: loading tensor blk.33.ffn_down_exps.scale
create_tensor: loading tensor blk.33.ffn_up_exps.scale
create_tensor: loading tensor blk.33.attn_q.input_scale
create_tensor: loading tensor blk.33.attn_k.input_scale
create_tensor: loading tensor blk.33.attn_v.input_scale
create_tensor: loading tensor blk.33.attn_output.input_scale
create_tensor: loading tensor blk.33.ffn_gate_exps.input_scale
create_tensor: loading tensor blk.33.ffn_down_exps.input_scale
create_tensor: loading tensor blk.33.ffn_up_exps.input_scale
create_tensor: loading tensor blk.34.attn_q.scale
create_tensor: loading tensor blk.34.attn_k.scale
create_tensor: loading tensor blk.34.attn_v.scale
create_tensor: loading tensor blk.34.attn_output.scale
create_tensor: loading tensor blk.34.ffn_gate_exps.scale
create_tensor: loading tensor blk.34.ffn_down_exps.scale
create_tensor: loading tensor blk.34.ffn_up_exps.scale
create_tensor: loading tensor blk.34.attn_q.input_scale
create_tensor: loading tensor blk.34.attn_k.input_scale
create_tensor: loading tensor blk.34.attn_v.input_scale
create_tensor: loading tensor blk.34.attn_output.input_scale
create_tensor: loading tensor blk.34.ffn_gate_exps.input_scale
create_tensor: loading tensor blk.34.ffn_down_exps.input_scale
create_tensor: loading tensor blk.34.ffn_up_exps.input_scale
create_tensor: loading tensor blk.35.attn_q.scale
create_tensor: loading tensor blk.35.attn_k.scale
create_tensor: loading tensor blk.35.attn_v.scale
create_tensor: loading tensor blk.35.attn_output.scale
create_tensor: loading tensor blk.35.ffn_gate_exps.scale
create_tensor: loading tensor blk.35.ffn_down_exps.scale
create_tensor: loading tensor blk.35.ffn_up_exps.scale
create_tensor: loading tensor blk.35.attn_q.input_scale
create_tensor: loading tensor blk.35.attn_k.input_scale
create_tensor: loading tensor blk.35.attn_v.input_scale
create_tensor: loading tensor blk.35.attn_output.input_scale
create_tensor: loading tensor blk.35.ffn_gate_exps.input_scale
create_tensor: loading tensor blk.35.ffn_down_exps.input_scale
create_tensor: loading tensor blk.35.ffn_up_exps.input_scale
create_tensor: loading tensor blk.36.attn_q.scale
create_tensor: loading tensor blk.36.attn_k.scale
create_tensor: loading tensor blk.36.attn_v.scale
create_tensor: loading tensor blk.36.attn_output.scale
create_tensor: loading tensor blk.36.ffn_gate_exps.scale
create_tensor: loading tensor blk.36.ffn_down_exps.scale
create_tensor: loading tensor blk.36.ffn_up_exps.scale
create_tensor: loading tensor blk.36.attn_q.input_scale
create_tensor: loading tensor blk.36.attn_k.input_scale
create_tensor: loading tensor blk.36.attn_v.input_scale
create_tensor: loading tensor blk.36.attn_output.input_scale
create_tensor: loading tensor blk.36.ffn_gate_exps.input_scale
create_tensor: loading tensor blk.36.ffn_down_exps.input_scale
create_tensor: loading tensor blk.36.ffn_up_exps.input_scale
create_tensor: loading tensor blk.37.attn_q.scale
create_tensor: loading tensor blk.37.attn_k.scale
create_tensor: loading tensor blk.37.attn_v.scale
create_tensor: loading tensor blk.37.attn_output.scale
create_tensor: loading tensor blk.37.ffn_gate_exps.scale
create_tensor: loading tensor blk.37.ffn_down_exps.scale
create_tensor: loading tensor blk.37.ffn_up_exps.scale
create_tensor: loading tensor blk.37.attn_q.input_scale
create_tensor: loading tensor blk.37.attn_k.input_scale
create_tensor: loading tensor blk.37.attn_v.input_scale
create_tensor: loading tensor blk.37.attn_output.input_scale
create_tensor: loading tensor blk.37.ffn_gate_exps.input_scale
create_tensor: loading tensor blk.37.ffn_down_exps.input_scale
create_tensor: loading tensor blk.37.ffn_up_exps.input_scale
create_tensor: loading tensor blk.38.attn_q.scale
create_tensor: loading tensor blk.38.attn_k.scale
create_tensor: loading tensor blk.38.attn_v.scale
create_tensor: loading tensor blk.38.attn_output.scale
create_tensor: loading tensor blk.38.ffn_gate_exps.scale
create_tensor: loading tensor blk.38.ffn_down_exps.scale
create_tensor: loading tensor blk.38.ffn_up_exps.scale
create_tensor: loading tensor blk.38.attn_q.input_scale
create_tensor: loading tensor blk.38.attn_k.input_scale
create_tensor: loading tensor blk.38.attn_v.input_scale
create_tensor: loading tensor blk.38.attn_output.input_scale
create_tensor: loading tensor blk.38.ffn_gate_exps.input_scale
create_tensor: loading tensor blk.38.ffn_down_exps.input_scale
create_tensor: loading tensor blk.38.ffn_up_exps.input_scale
create_tensor: loading tensor blk.39.attn_q.scale
create_tensor: loading tensor blk.39.attn_k.scale
create_tensor: loading tensor blk.39.attn_v.scale
create_tensor: loading tensor blk.39.attn_output.scale
create_tensor: loading tensor blk.39.ffn_gate_exps.scale
create_tensor: loading tensor blk.39.ffn_down_exps.scale
create_tensor: loading tensor blk.39.ffn_up_exps.scale
create_tensor: loading tensor blk.39.attn_q.input_scale
create_tensor: loading tensor blk.39.attn_k.input_scale
create_tensor: loading tensor blk.39.attn_v.input_scale
create_tensor: loading tensor blk.39.attn_output.input_scale
create_tensor: loading tensor blk.39.ffn_gate_exps.input_scale
create_tensor: loading tensor blk.39.ffn_down_exps.input_scale
create_tensor: loading tensor blk.39.ffn_up_exps.input_scale
create_tensor: loading tensor blk.40.attn_q.scale
create_tensor: loading tensor blk.40.attn_k.scale
create_tensor: loading tensor blk.40.attn_v.scale
create_tensor: loading tensor blk.40.attn_output.scale
create_tensor: loading tensor blk.40.ffn_gate_exps.scale
create_tensor: loading tensor blk.40.ffn_down_exps.scale
create_tensor: loading tensor blk.40.ffn_up_exps.scale
create_tensor: loading tensor blk.40.attn_q.input_scale
create_tensor: loading tensor blk.40.attn_k.input_scale
create_tensor: loading tensor blk.40.attn_v.input_scale
create_tensor: loading tensor blk.40.attn_output.input_scale
create_tensor: loading tensor blk.40.ffn_gate_exps.input_scale
create_tensor: loading tensor blk.40.ffn_down_exps.input_scale
create_tensor: loading tensor blk.40.ffn_up_exps.input_scale
create_tensor: loading tensor blk.41.attn_q.scale
create_tensor: loading tensor blk.41.attn_k.scale
create_tensor: loading tensor blk.41.attn_v.scale
create_tensor: loading tensor blk.41.attn_output.scale
create_tensor: loading tensor blk.41.ffn_gate_exps.scale
create_tensor: loading tensor blk.41.ffn_down_exps.scale
create_tensor: loading tensor blk.41.ffn_up_exps.scale
create_tensor: loading tensor blk.41.attn_q.input_scale
create_tensor: loading tensor blk.41.attn_k.input_scale
create_tensor: loading tensor blk.41.attn_v.input_scale
create_tensor: loading tensor blk.41.attn_output.input_scale
create_tensor: loading tensor blk.41.ffn_gate_exps.input_scale
create_tensor: loading tensor blk.41.ffn_down_exps.input_scale
create_tensor: loading tensor blk.41.ffn_up_exps.input_scale
create_tensor: loading tensor blk.42.attn_q.scale
create_tensor: loading tensor blk.42.attn_k.scale
create_tensor: loading tensor blk.42.attn_v.scale
create_tensor: loading tensor blk.42.attn_output.scale
create_tensor: loading tensor blk.42.ffn_gate_exps.scale
create_tensor: loading tensor blk.42.ffn_down_exps.scale
create_tensor: loading tensor blk.42.ffn_up_exps.scale
create_tensor: loading tensor blk.42.attn_q.input_scale
create_tensor: loading tensor blk.42.attn_k.input_scale
create_tensor: loading tensor blk.42.attn_v.input_scale
create_tensor: loading tensor blk.42.attn_output.input_scale
create_tensor: loading tensor blk.42.ffn_gate_exps.input_scale
create_tensor: loading tensor blk.42.ffn_down_exps.input_scale
create_tensor: loading tensor blk.42.ffn_up_exps.input_scale
create_tensor: loading tensor blk.43.attn_q.scale
create_tensor: loading tensor blk.43.attn_k.scale
create_tensor: loading tensor blk.43.attn_v.scale
create_tensor: loading tensor blk.43.attn_output.scale
create_tensor: loading tensor blk.43.ffn_gate_exps.scale
create_tensor: loading tensor blk.43.ffn_down_exps.scale
create_tensor: loading tensor blk.43.ffn_up_exps.scale
create_tensor: loading tensor blk.43.attn_q.input_scale
create_tensor: loading tensor blk.43.attn_k.input_scale
create_tensor: loading tensor blk.43.attn_v.input_scale
create_tensor: loading tensor blk.43.attn_output.input_scale
create_tensor: loading tensor blk.43.ffn_gate_exps.input_scale
create_tensor: loading tensor blk.43.ffn_down_exps.input_scale
create_tensor: loading tensor blk.43.ffn_up_exps.input_scale
create_tensor: loading tensor blk.44.attn_q.scale
create_tensor: loading tensor blk.44.attn_k.scale
create_tensor: loading tensor blk.44.attn_v.scale
create_tensor: loading tensor blk.44.attn_output.scale
create_tensor: loading tensor blk.44.ffn_gate_exps.scale
create_tensor: loading tensor blk.44.ffn_down_exps.scale
create_tensor: loading tensor blk.44.ffn_up_exps.scale
create_tensor: loading tensor blk.44.attn_q.input_scale
create_tensor: loading tensor blk.44.attn_k.input_scale
create_tensor: loading tensor blk.44.attn_v.input_scale
create_tensor: loading tensor blk.44.attn_output.input_scale
create_tensor: loading tensor blk.44.ffn_gate_exps.input_scale
create_tensor: loading tensor blk.44.ffn_down_exps.input_scale
create_tensor: loading tensor blk.44.ffn_up_exps.input_scale
create_tensor: loading tensor blk.45.attn_q.scale
create_tensor: loading tensor blk.45.attn_k.scale
create_tensor: loading tensor blk.45.attn_v.scale
create_tensor: loading tensor blk.45.attn_output.scale
create_tensor: loading tensor blk.45.ffn_gate_exps.scale
create_tensor: loading tensor blk.45.ffn_down_exps.scale
create_tensor: loading tensor blk.45.ffn_up_exps.scale
create_tensor: loading tensor blk.45.attn_q.input_scale
create_tensor: loading tensor blk.45.attn_k.input_scale
create_tensor: loading tensor blk.45.attn_v.input_scale
create_tensor: loading tensor blk.45.attn_output.input_scale
create_tensor: loading tensor blk.45.ffn_gate_exps.input_scale
create_tensor: loading tensor blk.45.ffn_down_exps.input_scale
create_tensor: loading tensor blk.45.ffn_up_exps.input_scale
create_tensor: loading tensor blk.46.attn_q.scale
create_tensor: loading tensor blk.46.attn_k.scale
create_tensor: loading tensor blk.46.attn_v.scale
create_tensor: loading tensor blk.46.attn_output.scale
create_tensor: loading tensor blk.46.ffn_gate_exps.scale
create_tensor: loading tensor blk.46.ffn_down_exps.scale
create_tensor: loading tensor blk.46.ffn_up_exps.scale
create_tensor: loading tensor blk.46.attn_q.input_scale
create_tensor: loading tensor blk.46.attn_k.input_scale
create_tensor: loading tensor blk.46.attn_v.input_scale
create_tensor: loading tensor blk.46.attn_output.input_scale
create_tensor: loading tensor blk.46.ffn_gate_exps.input_scale
create_tensor: loading tensor blk.46.ffn_down_exps.input_scale
create_tensor: loading tensor blk.46.ffn_up_exps.input_scale
create_tensor: loading tensor blk.47.attn_q.scale
create_tensor: loading tensor blk.47.attn_k.scale
create_tensor: loading tensor blk.47.attn_v.scale
create_tensor: loading tensor blk.47.attn_output.scale
create_tensor: loading tensor blk.47.ffn_gate_exps.scale
create_tensor: loading tensor blk.47.ffn_down_exps.scale
create_tensor: loading tensor blk.47.ffn_up_exps.scale
create_tensor: loading tensor blk.47.attn_q.input_scale
create_tensor: loading tensor blk.47.attn_k.input_scale
create_tensor: loading tensor blk.47.attn_v.input_scale
create_tensor: loading tensor blk.47.attn_output.input_scale
create_tensor: loading tensor blk.47.ffn_gate_exps.input_scale
create_tensor: loading tensor blk.47.ffn_down_exps.input_scale
create_tensor: loading tensor blk.47.ffn_up_exps.input_scale
create_tensor: loading tensor blk.48.attn_q.scale
create_tensor: loading tensor blk.48.attn_k.scale
create_tensor: loading tensor blk.48.attn_v.scale
create_tensor: loading tensor blk.48.attn_output.scale
create_tensor: loading tensor blk.48.ffn_gate_exps.scale
create_tensor: loading tensor blk.48.ffn_down_exps.scale
create_tensor: loading tensor blk.48.ffn_up_exps.scale
create_tensor: loading tensor blk.48.attn_q.input_scale
create_tensor: loading tensor blk.48.attn_k.input_scale
create_tensor: loading tensor blk.48.attn_v.input_scale
create_tensor: loading tensor blk.48.attn_output.input_scale
create_tensor: loading tensor blk.48.ffn_gate_exps.input_scale
create_tensor: loading tensor blk.48.ffn_down_exps.input_scale
create_tensor: loading tensor blk.48.ffn_up_exps.input_scale
create_tensor: loading tensor blk.49.attn_q.scale
create_tensor: loading tensor blk.49.attn_k.scale
create_tensor: loading tensor blk.49.attn_v.scale
create_tensor: loading tensor blk.49.attn_output.scale
create_tensor: loading tensor blk.49.ffn_gate_exps.scale
create_tensor: loading tensor blk.49.ffn_down_exps.scale
create_tensor: loading tensor blk.49.ffn_up_exps.scale
create_tensor: loading tensor blk.49.attn_q.input_scale
create_tensor: loading tensor blk.49.attn_k.input_scale
create_tensor: loading tensor blk.49.attn_v.input_scale
create_tensor: loading tensor blk.49.attn_output.input_scale
create_tensor: loading tensor blk.49.ffn_gate_exps.input_scale
create_tensor: loading tensor blk.49.ffn_down_exps.input_scale
create_tensor: loading tensor blk.49.ffn_up_exps.input_scale
create_tensor: loading tensor blk.50.attn_q.scale
create_tensor: loading tensor blk.50.attn_k.scale
create_tensor: loading tensor blk.50.attn_v.scale
create_tensor: loading tensor blk.50.attn_output.scale
create_tensor: loading tensor blk.50.ffn_gate_exps.scale
create_tensor: loading tensor blk.50.ffn_down_exps.scale
create_tensor: loading tensor blk.50.ffn_up_exps.scale
create_tensor: loading tensor blk.50.attn_q.input_scale
create_tensor: loading tensor blk.50.attn_k.input_scale
create_tensor: loading tensor blk.50.attn_v.input_scale
create_tensor: loading tensor blk.50.attn_output.input_scale
create_tensor: loading tensor blk.50.ffn_gate_exps.input_scale
create_tensor: loading tensor blk.50.ffn_down_exps.input_scale
create_tensor: loading tensor blk.50.ffn_up_exps.input_scale
create_tensor: loading tensor blk.51.attn_q.scale
create_tensor: loading tensor blk.51.attn_k.scale
create_tensor: loading tensor blk.51.attn_v.scale
create_tensor: loading tensor blk.51.attn_output.scale
create_tensor: loading tensor blk.51.ffn_gate_exps.scale
create_tensor: loading tensor blk.51.ffn_down_exps.scale
create_tensor: loading tensor blk.51.ffn_up_exps.scale
create_tensor: loading tensor blk.51.attn_q.input_scale
create_tensor: loading tensor blk.51.attn_k.input_scale
create_tensor: loading tensor blk.51.attn_v.input_scale
create_tensor: loading tensor blk.51.attn_output.input_scale
create_tensor: loading tensor blk.51.ffn_gate_exps.input_scale
create_tensor: loading tensor blk.51.ffn_down_exps.input_scale
create_tensor: loading tensor blk.51.ffn_up_exps.input_scale
create_tensor: loading tensor blk.52.attn_q.scale
create_tensor: loading tensor blk.52.attn_k.scale
create_tensor: loading tensor blk.52.attn_v.scale
create_tensor: loading tensor blk.52.attn_output.scale
create_tensor: loading tensor blk.52.ffn_gate_exps.scale
create_tensor: loading tensor blk.52.ffn_down_exps.scale
create_tensor: loading tensor blk.52.ffn_up_exps.scale
create_tensor: loading tensor blk.52.attn_q.input_scale
create_tensor: loading tensor blk.52.attn_k.input_scale
create_tensor: loading tensor blk.52.attn_v.input_scale
create_tensor: loading tensor blk.52.attn_output.input_scale
create_tensor: loading tensor blk.52.ffn_gate_exps.input_scale
create_tensor: loading tensor blk.52.ffn_down_exps.input_scale
create_tensor: loading tensor blk.52.ffn_up_exps.input_scale
create_tensor: loading tensor blk.53.attn_q.scale
create_tensor: loading tensor blk.53.attn_k.scale
create_tensor: loading tensor blk.53.attn_v.scale
create_tensor: loading tensor blk.53.attn_output.scale
create_tensor: loading tensor blk.53.ffn_gate_exps.scale
create_tensor: loading tensor blk.53.ffn_down_exps.scale
create_tensor: loading tensor blk.53.ffn_up_exps.scale
create_tensor: loading tensor blk.53.attn_q.input_scale
create_tensor: loading tensor blk.53.attn_k.input_scale
create_tensor: loading tensor blk.53.attn_v.input_scale
create_tensor: loading tensor blk.53.attn_output.input_scale
create_tensor: loading tensor blk.53.ffn_gate_exps.input_scale
create_tensor: loading tensor blk.53.ffn_down_exps.input_scale
create_tensor: loading tensor blk.53.ffn_up_exps.input_scale
create_tensor: loading tensor blk.54.attn_q.scale
create_tensor: loading tensor blk.54.attn_k.scale
create_tensor: loading tensor blk.54.attn_v.scale
create_tensor: loading tensor blk.54.attn_output.scale
create_tensor: loading tensor blk.54.ffn_gate_exps.scale
create_tensor: loading tensor blk.54.ffn_down_exps.scale
create_tensor: loading tensor blk.54.ffn_up_exps.scale
create_tensor: loading tensor blk.54.attn_q.input_scale
create_tensor: loading tensor blk.54.attn_k.input_scale
create_tensor: loading tensor blk.54.attn_v.input_scale
create_tensor: loading tensor blk.54.attn_output.input_scale
create_tensor: loading tensor blk.54.ffn_gate_exps.input_scale
create_tensor: loading tensor blk.54.ffn_down_exps.input_scale
create_tensor: loading tensor blk.54.ffn_up_exps.input_scale
create_tensor: loading tensor blk.55.attn_q.scale
create_tensor: loading tensor blk.55.attn_k.scale
create_tensor: loading tensor blk.55.attn_v.scale
create_tensor: loading tensor blk.55.attn_output.scale
create_tensor: loading tensor blk.55.ffn_gate_exps.scale
create_tensor: loading tensor blk.55.ffn_down_exps.scale
create_tensor: loading tensor blk.55.ffn_up_exps.scale
create_tensor: loading tensor blk.55.attn_q.input_scale
create_tensor: loading tensor blk.55.attn_k.input_scale
create_tensor: loading tensor blk.55.attn_v.input_scale
create_tensor: loading tensor blk.55.attn_output.input_scale
create_tensor: loading tensor blk.55.ffn_gate_exps.input_scale
create_tensor: loading tensor blk.55.ffn_down_exps.input_scale
create_tensor: loading tensor blk.55.ffn_up_exps.input_scale
create_tensor: loading tensor blk.56.attn_q.scale
create_tensor: loading tensor blk.56.attn_k.scale
create_tensor: loading tensor blk.56.attn_v.scale
create_tensor: loading tensor blk.56.attn_output.scale
create_tensor: loading tensor blk.56.ffn_gate_exps.scale
create_tensor: loading tensor blk.56.ffn_down_exps.scale
create_tensor: loading tensor blk.56.ffn_up_exps.scale
create_tensor: loading tensor blk.56.attn_q.input_scale
create_tensor: loading tensor blk.56.attn_k.input_scale
create_tensor: loading tensor blk.56.attn_v.input_scale
create_tensor: loading tensor blk.56.attn_output.input_scale
create_tensor: loading tensor blk.56.ffn_gate_exps.input_scale
create_tensor: loading tensor blk.56.ffn_down_exps.input_scale
create_tensor: loading tensor blk.56.ffn_up_exps.input_scale
create_tensor: loading tensor blk.57.attn_q.scale
create_tensor: loading tensor blk.57.attn_k.scale
create_tensor: loading tensor blk.57.attn_v.scale
create_tensor: loading tensor blk.57.attn_output.scale
create_tensor: loading tensor blk.57.ffn_gate_exps.scale
create_tensor: loading tensor blk.57.ffn_down_exps.scale
create_tensor: loading tensor blk.57.ffn_up_exps.scale
create_tensor: loading tensor blk.57.attn_q.input_scale
create_tensor: loading tensor blk.57.attn_k.input_scale
create_tensor: loading tensor blk.57.attn_v.input_scale
create_tensor: loading tensor blk.57.attn_output.input_scale
create_tensor: loading tensor blk.57.ffn_gate_exps.input_scale
create_tensor: loading tensor blk.57.ffn_down_exps.input_scale
create_tensor: loading tensor blk.57.ffn_up_exps.input_scale
create_tensor: loading tensor blk.58.attn_q.scale
create_tensor: loading tensor blk.58.attn_k.scale
create_tensor: loading tensor blk.58.attn_v.scale
create_tensor: loading tensor blk.58.attn_output.scale
create_tensor: loading tensor blk.58.ffn_gate_exps.scale
create_tensor: loading tensor blk.58.ffn_down_exps.scale
create_tensor: loading tensor blk.58.ffn_up_exps.scale
create_tensor: loading tensor blk.58.attn_q.input_scale
create_tensor: loading tensor blk.58.attn_k.input_scale
create_tensor: loading tensor blk.58.attn_v.input_scale
create_tensor: loading tensor blk.58.attn_output.input_scale
create_tensor: loading tensor blk.58.ffn_gate_exps.input_scale
create_tensor: loading tensor blk.58.ffn_down_exps.input_scale
create_tensor: loading tensor blk.58.ffn_up_exps.input_scale
create_tensor: loading tensor blk.59.attn_q.scale
create_tensor: loading tensor blk.59.attn_k.scale
create_tensor: loading tensor blk.59.attn_v.scale
create_tensor: loading tensor blk.59.attn_output.scale
create_tensor: loading tensor blk.59.ffn_gate_exps.scale
create_tensor: loading tensor blk.59.ffn_down_exps.scale
create_tensor: loading tensor blk.59.ffn_up_exps.scale
create_tensor: loading tensor blk.59.attn_q.input_scale
create_tensor: loading tensor blk.59.attn_k.input_scale
create_tensor: loading tensor blk.59.attn_v.input_scale
create_tensor: loading tensor blk.59.attn_output.input_scale
create_tensor: loading tensor blk.59.ffn_gate_exps.input_scale
create_tensor: loading tensor blk.59.ffn_down_exps.input_scale
create_tensor: loading tensor blk.59.ffn_up_exps.input_scale
create_tensor: loading tensor blk.60.attn_q.scale
create_tensor: loading tensor blk.60.attn_k.scale
create_tensor: loading tensor blk.60.attn_v.scale
create_tensor: loading tensor blk.60.attn_output.scale
create_tensor: loading tensor blk.60.ffn_gate_exps.scale
create_tensor: loading tensor blk.60.ffn_down_exps.scale
create_tensor: loading tensor blk.60.ffn_up_exps.scale
create_tensor: loading tensor blk.60.attn_q.input_scale
create_tensor: loading tensor blk.60.attn_k.input_scale
create_tensor: loading tensor blk.60.attn_v.input_scale
create_tensor: loading tensor blk.60.attn_output.input_scale
create_tensor: loading tensor blk.60.ffn_gate_exps.input_scale
create_tensor: loading tensor blk.60.ffn_down_exps.input_scale
create_tensor: loading tensor blk.60.ffn_up_exps.input_scale
create_tensor: loading tensor blk.61.attn_q.scale
create_tensor: loading tensor blk.61.attn_k.scale
create_tensor: loading tensor blk.61.attn_v.scale
create_tensor: loading tensor blk.61.attn_output.scale
create_tensor: loading tensor blk.61.ffn_gate_exps.scale
create_tensor: loading tensor blk.61.ffn_down_exps.scale
create_tensor: loading tensor blk.61.ffn_up_exps.scale
create_tensor: loading tensor blk.61.attn_q.input_scale
create_tensor: loading tensor blk.61.attn_k.input_scale
create_tensor: loading tensor blk.61.attn_v.input_scale
create_tensor: loading tensor blk.61.attn_output.input_scale
create_tensor: loading tensor blk.61.ffn_gate_exps.input_scale
create_tensor: loading tensor blk.61.ffn_down_exps.input_scale
create_tensor: loading tensor blk.61.ffn_up_exps.input_scale
done_getting_tensors: tensor 'token_embd.weight' (q4_K) (and 186 others) cannot be used with preferred buffer type CUDA_Host, using CPU instead
load_tensors: offloading output layer to GPU
load_tensors: offloading 61 repeating layers to GPU
load_tensors: offloaded 63/63 layers to GPU
load_tensors:   CPU_Mapped model buffer size = 46878.62 MiB
load_tensors:   CPU_Mapped model buffer size = 47330.14 MiB
load_tensors:   CPU_Mapped model buffer size = 46595.12 MiB
load_tensors:   CPU_Mapped model buffer size = 46684.44 MiB
load_tensors:   CPU_Mapped model buffer size = 47417.92 MiB
load_tensors:   CPU_Mapped model buffer size = 40798.53 MiB
load_tensors:        CUDA0 model buffer size =  6452.68 MiB
....................................................................................................
llama_context: constructing llama_context
llama_context: n_seq_max             = 1
llama_context: n_ctx                 = 4096
llama_context: n_ctx_seq             = 4096
llama_context: n_batch               = 4096
llama_context: n_ubatch              = 512
llama_context: causal_attn           = 1
llama_context: flash_attn            = auto
llama_context: kv_unified            = false
llama_context: freq_base             = 10000000.0
llama_context: freq_scale            = 1
llama_context: n_rs_seq              = 0
llama_context: n_outputs_max         = 4096
llama_context: n_outputs_max_per_seq = 1
llama_context: n_ctx_seq (4096) < n_ctx_train (262144) -- the full capacity of the model will not be utilized
set_abort_callback: call
llama_context:  CUDA_Host  output buffer size =     0.58 MiB
llama_kv_cache: layer   0: dev = CUDA0
llama_kv_cache: layer   1: dev = CUDA0
llama_kv_cache: layer   2: dev = CUDA0
llama_kv_cache: layer   3: dev = CUDA0
llama_kv_cache: layer   4: dev = CUDA0
llama_kv_cache: layer   5: dev = CUDA0
llama_kv_cache: layer   6: dev = CUDA0
llama_kv_cache: layer   7: dev = CUDA0
llama_kv_cache: layer   8: dev = CUDA0
llama_kv_cache: layer   9: dev = CUDA0
llama_kv_cache: layer  10: dev = CUDA0
llama_kv_cache: layer  11: dev = CUDA0
llama_kv_cache: layer  12: dev = CUDA0
llama_kv_cache: layer  13: dev = CUDA0
llama_kv_cache: layer  14: dev = CUDA0
llama_kv_cache: layer  15: dev = CUDA0
llama_kv_cache: layer  16: dev = CUDA0
llama_kv_cache: layer  17: dev = CUDA0
llama_kv_cache: layer  18: dev = CUDA0
llama_kv_cache: layer  19: dev = CUDA0
llama_kv_cache: layer  20: dev = CUDA0
llama_kv_cache: layer  21: dev = CUDA0
llama_kv_cache: layer  22: dev = CUDA0
llama_kv_cache: layer  23: dev = CUDA0
llama_kv_cache: layer  24: dev = CUDA0
llama_kv_cache: layer  25: dev = CUDA0
llama_kv_cache: layer  26: dev = CUDA0
llama_kv_cache: layer  27: dev = CUDA0
llama_kv_cache: layer  28: dev = CUDA0
llama_kv_cache: layer  29: dev = CUDA0
llama_kv_cache: layer  30: dev = CUDA0
llama_kv_cache: layer  31: dev = CUDA0
llama_kv_cache: layer  32: dev = CUDA0
llama_kv_cache: layer  33: dev = CUDA0
llama_kv_cache: layer  34: dev = CUDA0
llama_kv_cache: layer  35: dev = CUDA0
llama_kv_cache: layer  36: dev = CUDA0
llama_kv_cache: layer  37: dev = CUDA0
llama_kv_cache: layer  38: dev = CUDA0
llama_kv_cache: layer  39: dev = CUDA0
llama_kv_cache: layer  40: dev = CUDA0
llama_kv_cache: layer  41: dev = CUDA0
llama_kv_cache: layer  42: dev = CUDA0
llama_kv_cache: layer  43: dev = CUDA0
llama_kv_cache: layer  44: dev = CUDA0
llama_kv_cache: layer  45: dev = CUDA0
llama_kv_cache: layer  46: dev = CUDA0
llama_kv_cache: layer  47: dev = CUDA0
llama_kv_cache: layer  48: dev = CUDA0
llama_kv_cache: layer  49: dev = CUDA0
llama_kv_cache: layer  50: dev = CUDA0
llama_kv_cache: layer  51: dev = CUDA0
llama_kv_cache: layer  52: dev = CUDA0
llama_kv_cache: layer  53: dev = CUDA0
llama_kv_cache: layer  54: dev = CUDA0
llama_kv_cache: layer  55: dev = CUDA0
llama_kv_cache: layer  56: dev = CUDA0
llama_kv_cache: layer  57: dev = CUDA0
llama_kv_cache: layer  58: dev = CUDA0
llama_kv_cache: layer  59: dev = CUDA0
llama_kv_cache: layer  60: dev = CUDA0
llama_kv_cache: layer  61: dev = CUDA0
llama_kv_cache:      CUDA0 KV buffer size =   992.00 MiB
llama_kv_cache: size =  992.00 MiB (  4096 cells,  62 layers,  1/1 seqs), K (f16):  496.00 MiB, V (f16):  496.00 MiB
llama_kv_cache: attn_rot_k = 0, n_embd_head_k_all = 128
llama_kv_cache: attn_rot_v = 0, n_embd_head_k_all = 128
llama_context: enumerating backends
llama_context: backend_ptrs.size() = 2
sched_reserve: reserving ...
sched_reserve: max_nodes = 5976
sched_reserve: reserving full memory module
sched_reserve: worst-case: n_tokens = 512, n_seqs = 1, n_outputs = 1
graph_reserve: reserving a graph for ubatch with n_tokens =    1, n_seqs =  1, n_outputs =    1
resolve_fused_ops: Flash Attention enabled
resolve_fused_ops: resolving fused Gated Delta Net support:
graph_reserve: reserving a graph for ubatch with n_tokens =    1, n_seqs =  1, n_outputs =    1
resolve_fused_ops: fused Gated Delta Net (autoregressive) enabled
graph_reserve: reserving a graph for ubatch with n_tokens =   16, n_seqs =  1, n_outputs =   16
resolve_fused_ops: fused Gated Delta Net (chunked) enabled
resolve_fused_ops: resolving fused Lightning Indexer support:
graph_reserve: reserving a graph for ubatch with n_tokens =    1, n_seqs =  1, n_outputs =    1
resolve_fused_ops: Lightning Indexer enabled
resolve_fused_ops: resolving fused DeepSeek V4 HC support:
graph_reserve: reserving a graph for ubatch with n_tokens =    1, n_seqs =  1, n_outputs =    1
resolve_fused_ops: fused DeepSeek V4 HC pre enabled
graph_reserve: reserving a graph for ubatch with n_tokens =    1, n_seqs =  1, n_outputs =    1
resolve_fused_ops: fused DeepSeek V4 HC comb enabled
graph_reserve: reserving a graph for ubatch with n_tokens =    1, n_seqs =  1, n_outputs =    1
resolve_fused_ops: fused DeepSeek V4 HC post enabled
graph_reserve: reserving a graph for ubatch with n_tokens =  512, n_seqs =  1, n_outputs =  512
graph_reserve: reserving a graph for ubatch with n_tokens =    1, n_seqs =  1, n_outputs =    1
graph_reserve: reserving a graph for ubatch with n_tokens =  512, n_seqs =  1, n_outputs =  512
sched_reserve:      CUDA0 compute buffer size =  2156.76 MiB
sched_reserve:  CUDA_Host compute buffer size =    28.01 MiB
sched_reserve: graph nodes  = 3912
sched_reserve: graph splits = 188 (with bs=512), 126 (with bs=1)
sched_reserve: reserve took 21.16 ms, sched copies = 1
tierinfer-trace: model loaded in 167.5 s; 151 prompt tokens, generating 400
ggml_backend_cuda_graph_compute: CUDA graph warmup complete
ggml_backend_cuda_graph_compute: CUDA graph warmup complete
ggml_backend_cuda_graph_compute: CUDA graph warmup complete
ggml_backend_cuda_graph_compute: CUDA graph warmup complete
ggml_backend_cuda_graph_compute: CUDA graph warmup complete
ggml_backend_cuda_graph_compute: CUDA graph warmup complete
ggml_backend_cuda_graph_compute: CUDA graph warmup complete
ggml_backend_cuda_graph_compute: CUDA graph warmup complete
ggml_backend_cuda_graph_compute: CUDA graph warmup complete
ggml_backend_cuda_graph_compute: CUDA graph warmup complete
ggml_backend_cuda_graph_compute: CUDA graph warmup complete
ggml_backend_cuda_graph_compute: CUDA graph warmup complete
ggml_backend_cuda_graph_compute: CUDA graph warmup complete
ggml_backend_cuda_graph_compute: CUDA graph warmup complete
ggml_backend_cuda_graph_compute: CUDA graph warmup complete
ggml_backend_cuda_graph_compute: CUDA graph warmup complete
ggml_backend_cuda_graph_compute: CUDA graph warmup complete
ggml_backend_cuda_graph_compute: CUDA graph warmup complete
ggml_backend_cuda_graph_compute: CUDA graph warmup complete
ggml_backend_cuda_graph_compute: CUDA graph warmup complete
ggml_backend_cuda_graph_compute: CUDA graph warmup complete
ggml_backend_cuda_graph_compute: CUDA graph warmup complete
ggml_backend_cuda_graph_compute: CUDA graph warmup complete
ggml_backend_cuda_graph_compute: CUDA graph warmup complete
ggml_backend_cuda_graph_compute: CUDA graph warmup complete
ggml_backend_cuda_graph_compute: CUDA graph warmup complete
ggml_backend_cuda_graph_compute: CUDA graph warmup complete
ggml_backend_cuda_graph_compute: CUDA graph warmup complete
ggml_backend_cuda_graph_compute: CUDA graph warmup complete
ggml_backend_cuda_graph_compute: CUDA graph warmup complete
ggml_backend_cuda_graph_compute: CUDA graph warmup complete
ggml_backend_cuda_graph_compute: CUDA graph warmup complete
ggml_backend_cuda_graph_compute: CUDA graph warmup complete
ggml_backend_cuda_graph_compute: CUDA graph warmup complete
ggml_backend_cuda_graph_compute: CUDA graph warmup complete
ggml_backend_cuda_graph_compute: CUDA graph warmup complete
ggml_backend_cuda_graph_compute: CUDA graph warmup complete
ggml_backend_cuda_graph_compute: CUDA graph warmup complete
ggml_backend_cuda_graph_compute: CUDA graph warmup complete
ggml_backend_cuda_graph_compute: CUDA graph warmup complete
ggml_backend_cuda_graph_compute: CUDA graph warmup complete
ggml_backend_cuda_graph_compute: CUDA graph warmup complete
ggml_backend_cuda_graph_compute: CUDA graph warmup complete
ggml_backend_cuda_graph_compute: CUDA graph warmup complete
ggml_backend_cuda_graph_compute: CUDA graph warmup complete
ggml_backend_cuda_graph_compute: CUDA graph warmup complete
ggml_backend_cuda_graph_compute: CUDA graph warmup complete
ggml_backend_cuda_graph_compute: CUDA graph warmup complete
ggml_backend_cuda_graph_compute: CUDA graph warmup complete
ggml_backend_cuda_graph_compute: CUDA graph warmup complete
ggml_backend_cuda_graph_compute: CUDA graph warmup complete
ggml_backend_cuda_graph_compute: CUDA graph warmup complete
ggml_backend_cuda_graph_compute: CUDA graph warmup complete
ggml_backend_cuda_graph_compute: CUDA graph warmup complete
ggml_backend_cuda_graph_compute: CUDA graph warmup complete
ggml_backend_cuda_graph_compute: CUDA graph warmup complete
ggml_backend_cuda_graph_compute: CUDA graph warmup complete
ggml_backend_cuda_graph_compute: CUDA graph warmup complete
ggml_backend_cuda_graph_compute: CUDA graph warmup complete
ggml_backend_cuda_graph_compute: CUDA graph warmup complete
ggml_backend_cuda_graph_compute: CUDA graph warmup complete
ggml_backend_cuda_graph_compute: CUDA graph warmup complete
ggml_backend_cuda_graph_compute: CUDA graph warmup complete
ggml_backend_cuda_graph_compute: CUDA graph warmup complete
ggml_backend_cuda_graph_compute: CUDA graph warmup complete
ggml_backend_cuda_graph_compute: CUDA graph warmup complete
ggml_backend_cuda_graph_compute: CUDA graph warmup complete
ggml_backend_cuda_graph_compute: CUDA graph warmup complete
ggml_backend_cuda_graph_compute: CUDA graph warmup complete
ggml_backend_cuda_graph_compute: CUDA graph warmup complete
ggml_backend_cuda_graph_compute: CUDA graph warmup complete
ggml_backend_cuda_graph_compute: CUDA graph warmup complete
ggml_backend_cuda_graph_compute: CUDA graph warmup complete
ggml_backend_cuda_graph_compute: CUDA graph warmup complete
ggml_backend_cuda_graph_compute: CUDA graph warmup complete
ggml_backend_cuda_graph_compute: CUDA graph warmup complete
ggml_backend_cuda_graph_compute: CUDA graph warmup complete
ggml_backend_cuda_graph_compute: CUDA graph warmup complete
ggml_backend_cuda_graph_compute: CUDA graph warmup complete
ggml_backend_cuda_graph_compute: CUDA graph warmup complete
ggml_backend_cuda_graph_compute: CUDA graph warmup complete
ggml_backend_cuda_graph_compute: CUDA graph warmup complete
ggml_backend_cuda_graph_compute: CUDA graph warmup complete
ggml_backend_cuda_graph_compute: CUDA graph warmup complete
ggml_backend_cuda_graph_compute: CUDA graph warmup complete
ggml_backend_cuda_graph_compute: CUDA graph warmup complete
ggml_backend_cuda_graph_compute: CUDA graph warmup complete
ggml_backend_cuda_graph_compute: CUDA graph warmup complete
ggml_backend_cuda_graph_compute: CUDA graph warmup complete
ggml_backend_cuda_graph_compute: CUDA graph warmup complete
ggml_backend_cuda_graph_compute: CUDA graph warmup complete
ggml_backend_cuda_graph_compute: CUDA graph warmup complete
ggml_backend_cuda_graph_compute: CUDA graph warmup complete
ggml_backend_cuda_graph_compute: CUDA graph warmup complete
ggml_backend_cuda_graph_compute: CUDA graph warmup complete
ggml_backend_cuda_graph_compute: CUDA graph warmup complete
ggml_backend_cuda_graph_compute: CUDA graph warmup complete
ggml_backend_cuda_graph_compute: CUDA graph warmup complete
ggml_backend_cuda_graph_compute: CUDA graph warmup complete
ggml_backend_cuda_graph_compute: CUDA graph warmup complete
ggml_backend_cuda_graph_compute: CUDA graph warmup complete
ggml_backend_cuda_graph_compute: CUDA graph warmup complete
ggml_backend_cuda_graph_compute: CUDA graph warmup complete
ggml_backend_cuda_graph_compute: CUDA graph warmup complete
ggml_backend_cuda_graph_compute: CUDA graph warmup complete
ggml_backend_cuda_graph_compute: CUDA graph warmup complete
ggml_backend_cuda_graph_compute: CUDA graph warmup complete
ggml_backend_cuda_graph_compute: CUDA graph warmup complete
ggml_backend_cuda_graph_compute: CUDA graph warmup complete
ggml_backend_cuda_graph_compute: CUDA graph warmup complete
ggml_backend_cuda_graph_compute: CUDA graph warmup complete
ggml_backend_cuda_graph_compute: CUDA graph warmup complete
ggml_backend_cuda_graph_compute: CUDA graph warmup complete
ggml_backend_cuda_graph_compute: CUDA graph warmup complete
ggml_backend_cuda_graph_compute: CUDA graph warmup complete
ggml_backend_cuda_graph_compute: CUDA graph warmup complete
ggml_backend_cuda_graph_compute: CUDA graph warmup complete
ggml_backend_cuda_graph_compute: CUDA graph warmup complete
ggml_backend_cuda_graph_compute: CUDA graph warmup complete
ggml_backend_cuda_graph_compute: CUDA graph warmup complete
ggml_backend_cuda_graph_compute: CUDA graph warmup complete
ggml_backend_cuda_graph_compute: CUDA graph warmup complete
ggml_backend_cuda_graph_compute: CUDA graph warmup complete
ggml_backend_cuda_graph_compute: CUDA graph warmup complete
ggml_backend_cuda_graph_compute: CUDA graph warmup complete
ggml_backend_cuda_graph_compute: CUDA graph warmup reset
ggml_backend_cuda_graph_compute: CUDA graph warmup reset
ggml_backend_cuda_graph_compute: CUDA graph warmup reset
ggml_backend_cuda_graph_compute: CUDA graph warmup reset
ggml_backend_cuda_graph_compute: CUDA graph warmup reset
ggml_backend_cuda_graph_compute: CUDA graph warmup reset
ggml_backend_cuda_graph_compute: CUDA graph warmup reset
ggml_backend_cuda_graph_compute: CUDA graph warmup reset
ggml_backend_cuda_graph_compute: CUDA graph warmup reset
ggml_backend_cuda_graph_compute: CUDA graph warmup reset
ggml_backend_cuda_graph_compute: CUDA graph warmup reset
ggml_backend_cuda_graph_compute: CUDA graph warmup reset
ggml_backend_cuda_graph_compute: CUDA graph warmup reset
ggml_backend_cuda_graph_compute: CUDA graph warmup reset
ggml_backend_cuda_graph_compute: CUDA graph warmup reset
ggml_backend_cuda_graph_compute: CUDA graph warmup reset
ggml_backend_cuda_graph_compute: CUDA graph warmup reset
ggml_backend_cuda_graph_compute: CUDA graph warmup reset
ggml_backend_cuda_graph_compute: CUDA graph warmup reset
ggml_backend_cuda_graph_compute: CUDA graph warmup reset
ggml_backend_cuda_graph_compute: CUDA graph warmup reset
ggml_backend_cuda_graph_compute: CUDA graph warmup reset
ggml_backend_cuda_graph_compute: CUDA graph warmup reset
ggml_backend_cuda_graph_compute: CUDA graph warmup reset
ggml_backend_cuda_graph_compute: CUDA graph warmup reset
ggml_backend_cuda_graph_compute: CUDA graph warmup reset
ggml_backend_cuda_graph_compute: CUDA graph warmup reset
ggml_backend_cuda_graph_compute: CUDA graph warmup reset
ggml_backend_cuda_graph_compute: CUDA graph warmup reset
ggml_backend_cuda_graph_compute: CUDA graph warmup reset
ggml_backend_cuda_graph_compute: CUDA graph warmup reset
ggml_backend_cuda_graph_compute: CUDA graph warmup reset
ggml_backend_cuda_graph_compute: CUDA graph warmup reset
ggml_backend_cuda_graph_compute: CUDA graph warmup reset
ggml_backend_cuda_graph_compute: CUDA graph warmup reset
ggml_backend_cuda_graph_compute: CUDA graph warmup reset
ggml_backend_cuda_graph_compute: CUDA graph warmup reset
ggml_backend_cuda_graph_compute: CUDA graph warmup reset
ggml_backend_cuda_graph_compute: CUDA graph warmup reset
ggml_backend_cuda_graph_compute: CUDA graph warmup reset
ggml_backend_cuda_graph_compute: CUDA graph warmup reset
ggml_backend_cuda_graph_compute: CUDA graph warmup reset
ggml_backend_cuda_graph_compute: CUDA graph warmup reset
ggml_backend_cuda_graph_compute: CUDA graph warmup reset
ggml_backend_cuda_graph_compute: CUDA graph warmup reset
ggml_backend_cuda_graph_compute: CUDA graph warmup reset
ggml_backend_cuda_graph_compute: CUDA graph warmup reset
ggml_backend_cuda_graph_compute: CUDA graph warmup reset
ggml_backend_cuda_graph_compute: CUDA graph warmup reset
ggml_backend_cuda_graph_compute: CUDA graph warmup reset
ggml_backend_cuda_graph_compute: CUDA graph warmup reset
ggml_backend_cuda_graph_compute: CUDA graph warmup reset
ggml_backend_cuda_graph_compute: CUDA graph warmup reset
ggml_backend_cuda_graph_compute: CUDA graph warmup reset
ggml_backend_cuda_graph_compute: CUDA graph warmup reset
ggml_backend_cuda_graph_compute: CUDA graph warmup reset
ggml_backend_cuda_graph_compute: CUDA graph warmup reset
ggml_backend_cuda_graph_compute: CUDA graph warmup reset
ggml_backend_cuda_graph_compute: CUDA graph warmup reset
ggml_backend_cuda_graph_compute: CUDA graph warmup reset
ggml_backend_cuda_graph_compute: CUDA graph warmup reset
ggml_backend_cuda_graph_compute: CUDA graph warmup reset
ggml_backend_cuda_graph_compute: CUDA graph warmup reset
ggml_backend_cuda_graph_compute: CUDA graph warmup reset
ggml_backend_cuda_graph_compute: CUDA graph warmup reset
ggml_backend_cuda_graph_compute: CUDA graph warmup reset
ggml_backend_cuda_graph_compute: CUDA graph warmup reset
ggml_backend_cuda_graph_compute: CUDA graph warmup reset
ggml_backend_cuda_graph_compute: CUDA graph warmup reset
ggml_backend_cuda_graph_compute: CUDA graph warmup reset
ggml_backend_cuda_graph_compute: CUDA graph warmup reset
ggml_backend_cuda_graph_compute: CUDA graph warmup reset
ggml_backend_cuda_graph_compute: CUDA graph warmup reset
ggml_backend_cuda_graph_compute: CUDA graph warmup reset
ggml_backend_cuda_graph_compute: CUDA graph warmup reset
ggml_backend_cuda_graph_compute: CUDA graph warmup reset
ggml_backend_cuda_graph_compute: CUDA graph warmup reset
ggml_backend_cuda_graph_compute: CUDA graph warmup reset
ggml_backend_cuda_graph_compute: CUDA graph warmup reset
ggml_backend_cuda_graph_compute: CUDA graph warmup reset
ggml_backend_cuda_graph_compute: CUDA graph warmup reset
ggml_backend_cuda_graph_compute: CUDA graph warmup reset
ggml_backend_cuda_graph_compute: CUDA graph warmup reset
ggml_backend_cuda_graph_compute: CUDA graph warmup reset
ggml_backend_cuda_graph_compute: CUDA graph warmup reset
ggml_backend_cuda_graph_compute: CUDA graph warmup reset
ggml_backend_cuda_graph_compute: CUDA graph warmup reset
ggml_backend_cuda_graph_compute: CUDA graph warmup reset
ggml_backend_cuda_graph_compute: CUDA graph warmup reset
ggml_backend_cuda_graph_compute: CUDA graph warmup reset
ggml_backend_cuda_graph_compute: CUDA graph warmup reset
ggml_backend_cuda_graph_compute: CUDA graph warmup reset
ggml_backend_cuda_graph_compute: CUDA graph warmup reset
ggml_backend_cuda_graph_compute: CUDA graph warmup reset
ggml_backend_cuda_graph_compute: CUDA graph warmup reset
ggml_backend_cuda_graph_compute: CUDA graph warmup reset
ggml_backend_cuda_graph_compute: CUDA graph warmup reset
ggml_backend_cuda_graph_compute: CUDA graph warmup reset
ggml_backend_cuda_graph_compute: CUDA graph warmup reset
ggml_backend_cuda_graph_compute: CUDA graph warmup reset
ggml_backend_cuda_graph_compute: CUDA graph warmup reset
ggml_backend_cuda_graph_compute: CUDA graph warmup reset
ggml_backend_cuda_graph_compute: CUDA graph warmup reset
ggml_backend_cuda_graph_compute: CUDA graph warmup reset
ggml_backend_cuda_graph_compute: CUDA graph warmup reset
ggml_backend_cuda_graph_compute: CUDA graph warmup reset
ggml_backend_cuda_graph_compute: CUDA graph warmup reset
ggml_backend_cuda_graph_compute: CUDA graph warmup reset
ggml_backend_cuda_graph_compute: CUDA graph warmup reset
ggml_backend_cuda_graph_compute: CUDA graph warmup reset
ggml_backend_cuda_graph_compute: CUDA graph warmup reset
ggml_backend_cuda_graph_compute: CUDA graph warmup reset
ggml_backend_cuda_graph_compute: CUDA graph warmup reset
ggml_backend_cuda_graph_compute: CUDA graph warmup reset
ggml_backend_cuda_graph_compute: CUDA graph warmup reset
ggml_backend_cuda_graph_compute: CUDA graph warmup reset
ggml_backend_cuda_graph_compute: CUDA graph warmup reset
ggml_backend_cuda_graph_compute: CUDA graph warmup reset
ggml_backend_cuda_graph_compute: CUDA graph warmup reset
ggml_backend_cuda_graph_compute: CUDA graph warmup reset
ggml_backend_cuda_graph_compute: CUDA graph warmup reset
ggml_backend_cuda_graph_compute: CUDA graph warmup reset
ggml_backend_cuda_graph_compute: CUDA graph warmup reset
ggml_backend_cuda_graph_compute: CUDA graph warmup reset
ggml_backend_cuda_graph_compute: CUDA graph warmup reset
ggml_backend_cuda_graph_compute: CUDA graph warmup complete
ggml_backend_cuda_graph_compute: CUDA graph warmup complete
ggml_backend_cuda_graph_compute: CUDA graph warmup complete
ggml_backend_cuda_graph_compute: CUDA graph warmup complete
ggml_backend_cuda_graph_compute: CUDA graph warmup complete
ggml_backend_cuda_graph_compute: CUDA graph warmup complete
ggml_backend_cuda_graph_compute: CUDA graph warmup complete
ggml_backend_cuda_graph_compute: CUDA graph warmup complete
ggml_backend_cuda_graph_compute: CUDA graph warmup complete
ggml_backend_cuda_graph_compute: CUDA graph warmup complete
ggml_backend_cuda_graph_compute: CUDA graph warmup complete
ggml_backend_cuda_graph_compute: CUDA graph warmup complete
ggml_backend_cuda_graph_compute: CUDA graph warmup complete
ggml_backend_cuda_graph_compute: CUDA graph warmup complete
ggml_backend_cuda_graph_compute: CUDA graph warmup complete
ggml_backend_cuda_graph_compute: CUDA graph warmup complete
ggml_backend_cuda_graph_compute: CUDA graph warmup complete
ggml_backend_cuda_graph_compute: CUDA graph warmup complete
ggml_backend_cuda_graph_compute: CUDA graph warmup complete
ggml_backend_cuda_graph_compute: CUDA graph warmup complete
ggml_backend_cuda_graph_compute: CUDA graph warmup complete
ggml_backend_cuda_graph_compute: CUDA graph warmup complete
ggml_backend_cuda_graph_compute: CUDA graph warmup complete
ggml_backend_cuda_graph_compute: CUDA graph warmup complete
ggml_backend_cuda_graph_compute: CUDA graph warmup complete
ggml_backend_cuda_graph_compute: CUDA graph warmup complete
ggml_backend_cuda_graph_compute: CUDA graph warmup complete
ggml_backend_cuda_graph_compute: CUDA graph warmup complete
ggml_backend_cuda_graph_compute: CUDA graph warmup complete
ggml_backend_cuda_graph_compute: CUDA graph warmup complete
ggml_backend_cuda_graph_compute: CUDA graph warmup complete
ggml_backend_cuda_graph_compute: CUDA graph warmup complete
ggml_backend_cuda_graph_compute: CUDA graph warmup complete
ggml_backend_cuda_graph_compute: CUDA graph warmup complete
ggml_backend_cuda_graph_compute: CUDA graph warmup complete
ggml_backend_cuda_graph_compute: CUDA graph warmup complete
ggml_backend_cuda_graph_compute: CUDA graph warmup complete
ggml_backend_cuda_graph_compute: CUDA graph warmup complete
ggml_backend_cuda_graph_compute: CUDA graph warmup complete
ggml_backend_cuda_graph_compute: CUDA graph warmup complete
ggml_backend_cuda_graph_compute: CUDA graph warmup complete
ggml_backend_cuda_graph_compute: CUDA graph warmup complete
ggml_backend_cuda_graph_compute: CUDA graph warmup complete
ggml_backend_cuda_graph_compute: CUDA graph warmup complete
ggml_backend_cuda_graph_compute: CUDA graph warmup complete
ggml_backend_cuda_graph_compute: CUDA graph warmup complete
ggml_backend_cuda_graph_compute: CUDA graph warmup complete
ggml_backend_cuda_graph_compute: CUDA graph warmup complete
ggml_backend_cuda_graph_compute: CUDA graph warmup complete
ggml_backend_cuda_graph_compute: CUDA graph warmup complete
ggml_backend_cuda_graph_compute: CUDA graph warmup complete
ggml_backend_cuda_graph_compute: CUDA graph warmup complete
ggml_backend_cuda_graph_compute: CUDA graph warmup complete
ggml_backend_cuda_graph_compute: CUDA graph warmup complete
ggml_backend_cuda_graph_compute: CUDA graph warmup complete
ggml_backend_cuda_graph_compute: CUDA graph warmup complete
ggml_backend_cuda_graph_compute: CUDA graph warmup complete
ggml_backend_cuda_graph_compute: CUDA graph warmup complete
ggml_backend_cuda_graph_compute: CUDA graph warmup complete
ggml_backend_cuda_graph_compute: CUDA graph warmup complete
ggml_backend_cuda_graph_compute: CUDA graph warmup complete
ggml_backend_cuda_graph_compute: CUDA graph warmup complete
ggml_backend_cuda_graph_compute: CUDA graph warmup complete
ggml_backend_cuda_graph_compute: CUDA graph warmup complete
ggml_backend_cuda_graph_compute: CUDA graph warmup complete
ggml_backend_cuda_graph_compute: CUDA graph warmup complete
ggml_backend_cuda_graph_compute: CUDA graph warmup complete
ggml_backend_cuda_graph_compute: CUDA graph warmup complete
ggml_backend_cuda_graph_compute: CUDA graph warmup complete
ggml_backend_cuda_graph_compute: CUDA graph warmup complete
ggml_backend_cuda_graph_compute: CUDA graph warmup complete
ggml_backend_cuda_graph_compute: CUDA graph warmup complete
ggml_backend_cuda_graph_compute: CUDA graph warmup complete
ggml_backend_cuda_graph_compute: CUDA graph warmup complete
ggml_backend_cuda_graph_compute: CUDA graph warmup complete
ggml_backend_cuda_graph_compute: CUDA graph warmup complete
ggml_backend_cuda_graph_compute: CUDA graph warmup complete
ggml_backend_cuda_graph_compute: CUDA graph warmup complete
ggml_backend_cuda_graph_compute: CUDA graph warmup complete
ggml_backend_cuda_graph_compute: CUDA graph warmup complete
ggml_backend_cuda_graph_compute: CUDA graph warmup complete
ggml_backend_cuda_graph_compute: CUDA graph warmup complete
ggml_backend_cuda_graph_compute: CUDA graph warmup complete
ggml_backend_cuda_graph_compute: CUDA graph warmup complete
ggml_backend_cuda_graph_compute: CUDA graph warmup complete
ggml_backend_cuda_graph_compute: CUDA graph warmup complete
ggml_backend_cuda_graph_compute: CUDA graph warmup complete
ggml_backend_cuda_graph_compute: CUDA graph warmup complete
ggml_backend_cuda_graph_compute: CUDA graph warmup complete
ggml_backend_cuda_graph_compute: CUDA graph warmup complete
ggml_backend_cuda_graph_compute: CUDA graph warmup complete
ggml_backend_cuda_graph_compute: CUDA graph warmup complete
ggml_backend_cuda_graph_compute: CUDA graph warmup complete
ggml_backend_cuda_graph_compute: CUDA graph warmup complete
ggml_backend_cuda_graph_compute: CUDA graph warmup complete
ggml_backend_cuda_graph_compute: CUDA graph warmup complete
ggml_backend_cuda_graph_compute: CUDA graph warmup complete
ggml_backend_cuda_graph_compute: CUDA graph warmup complete
ggml_backend_cuda_graph_compute: CUDA graph warmup complete
ggml_backend_cuda_graph_compute: CUDA graph warmup complete
ggml_backend_cuda_graph_compute: CUDA graph warmup complete
ggml_backend_cuda_graph_compute: CUDA graph warmup complete
ggml_backend_cuda_graph_compute: CUDA graph warmup complete
ggml_backend_cuda_graph_compute: CUDA graph warmup complete
ggml_backend_cuda_graph_compute: CUDA graph warmup complete
ggml_backend_cuda_graph_compute: CUDA graph warmup complete
ggml_backend_cuda_graph_compute: CUDA graph warmup complete
ggml_backend_cuda_graph_compute: CUDA graph warmup complete
ggml_backend_cuda_graph_compute: CUDA graph warmup complete
ggml_backend_cuda_graph_compute: CUDA graph warmup complete
ggml_backend_cuda_graph_compute: CUDA graph warmup complete
ggml_backend_cuda_graph_compute: CUDA graph warmup complete
ggml_backend_cuda_graph_compute: CUDA graph warmup complete
ggml_backend_cuda_graph_compute: CUDA graph warmup complete
ggml_backend_cuda_graph_compute: CUDA graph warmup complete
ggml_backend_cuda_graph_compute: CUDA graph warmup complete
ggml_backend_cuda_graph_compute: CUDA graph warmup complete
ggml_backend_cuda_graph_compute: CUDA graph warmup complete
ggml_backend_cuda_graph_compute: CUDA graph warmup complete
ggml_backend_cuda_graph_compute: CUDA graph warmup complete
ggml_backend_cuda_graph_compute: CUDA graph warmup complete
ggml_backend_cuda_graph_compute: CUDA graph warmup complete
ggml_backend_cuda_graph_compute: CUDA graph warmup complete
ggml_backend_cuda_graph_compute: CUDA graph warmup complete
ggml_backend_cuda_graph_compute: CUDA graph warmup complete
ggml_backend_cuda_graph_compute: CUDA graph warmup reset
ggml_backend_cuda_graph_compute: CUDA graph warmup reset
ggml_backend_cuda_graph_compute: CUDA graph warmup reset
ggml_backend_cuda_graph_compute: CUDA graph warmup reset
ggml_backend_cuda_graph_compute: CUDA graph warmup reset
ggml_backend_cuda_graph_compute: CUDA graph warmup reset
ggml_backend_cuda_graph_compute: CUDA graph warmup reset
ggml_backend_cuda_graph_compute: CUDA graph warmup reset
ggml_backend_cuda_graph_compute: CUDA graph warmup reset
ggml_backend_cuda_graph_compute: CUDA graph warmup reset
ggml_backend_cuda_graph_compute: CUDA graph warmup reset
ggml_backend_cuda_graph_compute: CUDA graph warmup reset
ggml_backend_cuda_graph_compute: CUDA graph warmup reset
ggml_backend_cuda_graph_compute: CUDA graph warmup reset
ggml_backend_cuda_graph_compute: CUDA graph warmup reset
ggml_backend_cuda_graph_compute: CUDA graph warmup reset
ggml_backend_cuda_graph_compute: CUDA graph warmup reset
ggml_backend_cuda_graph_compute: CUDA graph warmup reset
ggml_backend_cuda_graph_compute: CUDA graph warmup reset
ggml_backend_cuda_graph_compute: CUDA graph warmup reset
ggml_backend_cuda_graph_compute: CUDA graph warmup reset
ggml_backend_cuda_graph_compute: CUDA graph warmup reset
ggml_backend_cuda_graph_compute: CUDA graph warmup reset
ggml_backend_cuda_graph_compute: CUDA graph warmup reset
ggml_backend_cuda_graph_compute: CUDA graph warmup reset
ggml_backend_cuda_graph_compute: CUDA graph warmup reset
ggml_backend_cuda_graph_compute: CUDA graph warmup reset
ggml_backend_cuda_graph_compute: CUDA graph warmup reset
ggml_backend_cuda_graph_compute: CUDA graph warmup reset
ggml_backend_cuda_graph_compute: CUDA graph warmup reset
ggml_backend_cuda_graph_compute: CUDA graph warmup reset
ggml_backend_cuda_graph_compute: CUDA graph warmup reset
ggml_backend_cuda_graph_compute: CUDA graph warmup reset
ggml_backend_cuda_graph_compute: CUDA graph warmup reset
ggml_backend_cuda_graph_compute: CUDA graph warmup reset
ggml_backend_cuda_graph_compute: CUDA graph warmup reset
ggml_backend_cuda_graph_compute: CUDA graph warmup reset
ggml_backend_cuda_graph_compute: CUDA graph warmup reset
ggml_backend_cuda_graph_compute: CUDA graph warmup reset
ggml_backend_cuda_graph_compute: CUDA graph warmup reset
ggml_backend_cuda_graph_compute: CUDA graph warmup reset
ggml_backend_cuda_graph_compute: CUDA graph warmup reset
ggml_backend_cuda_graph_compute: CUDA graph warmup reset
ggml_backend_cuda_graph_compute: CUDA graph warmup reset
ggml_backend_cuda_graph_compute: CUDA graph warmup reset
ggml_backend_cuda_graph_compute: CUDA graph warmup reset
ggml_backend_cuda_graph_compute: CUDA graph warmup reset
ggml_backend_cuda_graph_compute: CUDA graph warmup reset
ggml_backend_cuda_graph_compute: CUDA graph warmup reset
ggml_backend_cuda_graph_compute: CUDA graph warmup reset
ggml_backend_cuda_graph_compute: CUDA graph warmup reset
ggml_backend_cuda_graph_compute: CUDA graph warmup reset
ggml_backend_cuda_graph_compute: CUDA graph warmup reset
ggml_backend_cuda_graph_compute: CUDA graph warmup reset
ggml_backend_cuda_graph_compute: CUDA graph warmup reset
ggml_backend_cuda_graph_compute: CUDA graph warmup reset
ggml_backend_cuda_graph_compute: CUDA graph warmup reset
ggml_backend_cuda_graph_compute: CUDA graph warmup reset
ggml_backend_cuda_graph_compute: CUDA graph warmup reset
ggml_backend_cuda_graph_compute: CUDA graph warmup reset
ggml_backend_cuda_graph_compute: CUDA graph warmup reset
ggml_backend_cuda_graph_compute: CUDA graph warmup reset
ggml_backend_cuda_graph_compute: CUDA graph warmup reset
ggml_backend_cuda_graph_compute: CUDA graph warmup reset
ggml_backend_cuda_graph_compute: CUDA graph warmup reset
ggml_backend_cuda_graph_compute: CUDA graph warmup reset
ggml_backend_cuda_graph_compute: CUDA graph warmup reset
ggml_backend_cuda_graph_compute: CUDA graph warmup reset
ggml_backend_cuda_graph_compute: CUDA graph warmup reset
ggml_backend_cuda_graph_compute: CUDA graph warmup reset
ggml_backend_cuda_graph_compute: CUDA graph warmup reset
ggml_backend_cuda_graph_compute: CUDA graph warmup reset
ggml_backend_cuda_graph_compute: CUDA graph warmup reset
ggml_backend_cuda_graph_compute: CUDA graph warmup reset
ggml_backend_cuda_graph_compute: CUDA graph warmup reset
ggml_backend_cuda_graph_compute: CUDA graph warmup reset
ggml_backend_cuda_graph_compute: CUDA graph warmup reset
ggml_backend_cuda_graph_compute: CUDA graph warmup reset
ggml_backend_cuda_graph_compute: CUDA graph warmup reset
ggml_backend_cuda_graph_compute: CUDA graph warmup reset
ggml_backend_cuda_graph_compute: CUDA graph warmup reset
ggml_backend_cuda_graph_compute: CUDA graph warmup reset
ggml_backend_cuda_graph_compute: CUDA graph warmup reset
ggml_backend_cuda_graph_compute: CUDA graph warmup reset
ggml_backend_cuda_graph_compute: CUDA graph warmup reset
ggml_backend_cuda_graph_compute: CUDA graph warmup reset
ggml_backend_cuda_graph_compute: CUDA graph warmup reset
ggml_backend_cuda_graph_compute: CUDA graph warmup reset
ggml_backend_cuda_graph_compute: CUDA graph warmup reset
ggml_backend_cuda_graph_compute: CUDA graph warmup reset
ggml_backend_cuda_graph_compute: CUDA graph warmup reset
ggml_backend_cuda_graph_compute: CUDA graph warmup reset
ggml_backend_cuda_graph_compute: CUDA graph warmup reset
ggml_backend_cuda_graph_compute: CUDA graph warmup reset
ggml_backend_cuda_graph_compute: CUDA graph warmup reset
ggml_backend_cuda_graph_compute: CUDA graph warmup reset
ggml_backend_cuda_graph_compute: CUDA graph warmup reset
ggml_backend_cuda_graph_compute: CUDA graph warmup reset
ggml_backend_cuda_graph_compute: CUDA graph warmup reset
ggml_backend_cuda_graph_compute: CUDA graph warmup reset
ggml_backend_cuda_graph_compute: CUDA graph warmup reset
ggml_backend_cuda_graph_compute: CUDA graph warmup reset
ggml_backend_cuda_graph_compute: CUDA graph warmup reset
ggml_backend_cuda_graph_compute: CUDA graph warmup reset
ggml_backend_cuda_graph_compute: CUDA graph warmup reset
ggml_backend_cuda_graph_compute: CUDA graph warmup reset
ggml_backend_cuda_graph_compute: CUDA graph warmup reset
ggml_backend_cuda_graph_compute: CUDA graph warmup reset
ggml_backend_cuda_graph_compute: CUDA graph warmup reset
ggml_backend_cuda_graph_compute: CUDA graph warmup reset
ggml_backend_cuda_graph_compute: CUDA graph warmup reset
ggml_backend_cuda_graph_compute: CUDA graph warmup reset
ggml_backend_cuda_graph_compute: CUDA graph warmup reset
ggml_backend_cuda_graph_compute: CUDA graph warmup reset
ggml_backend_cuda_graph_compute: CUDA graph warmup reset
ggml_backend_cuda_graph_compute: CUDA graph warmup reset
ggml_backend_cuda_graph_compute: CUDA graph warmup reset
ggml_backend_cuda_graph_compute: CUDA graph warmup reset
ggml_backend_cuda_graph_compute: CUDA graph warmup reset
ggml_backend_cuda_graph_compute: CUDA graph warmup reset
ggml_backend_cuda_graph_compute: CUDA graph warmup reset
ggml_backend_cuda_graph_compute: CUDA graph warmup reset
ggml_backend_cuda_graph_compute: CUDA graph warmup reset
ggml_backend_cuda_graph_compute: CUDA graph warmup reset
ggml_backend_cuda_graph_compute: CUDA graph warmup reset
ggml_backend_cuda_graph_compute: CUDA graph warmup complete
ggml_backend_cuda_graph_compute: CUDA graph warmup complete
ggml_backend_cuda_graph_compute: CUDA graph warmup complete
ggml_backend_cuda_graph_compute: CUDA graph warmup complete
ggml_backend_cuda_graph_compute: CUDA graph warmup complete
ggml_backend_cuda_graph_compute: CUDA graph warmup complete
ggml_backend_cuda_graph_compute: CUDA graph warmup complete
ggml_backend_cuda_graph_compute: CUDA graph warmup complete
ggml_backend_cuda_graph_compute: CUDA graph warmup complete
ggml_backend_cuda_graph_compute: CUDA graph warmup complete
ggml_backend_cuda_graph_compute: CUDA graph warmup complete
ggml_backend_cuda_graph_compute: CUDA graph warmup complete
ggml_backend_cuda_graph_compute: CUDA graph warmup complete
ggml_backend_cuda_graph_compute: CUDA graph warmup complete
ggml_backend_cuda_graph_compute: CUDA graph warmup complete
ggml_backend_cuda_graph_compute: CUDA graph warmup complete
ggml_backend_cuda_graph_compute: CUDA graph warmup complete
ggml_backend_cuda_graph_compute: CUDA graph warmup complete
ggml_backend_cuda_graph_compute: CUDA graph warmup complete
ggml_backend_cuda_graph_compute: CUDA graph warmup complete
ggml_backend_cuda_graph_compute: CUDA graph warmup complete
ggml_backend_cuda_graph_compute: CUDA graph warmup complete
ggml_backend_cuda_graph_compute: CUDA graph warmup complete
ggml_backend_cuda_graph_compute: CUDA graph warmup complete
ggml_backend_cuda_graph_compute: CUDA graph warmup complete
ggml_backend_cuda_graph_compute: CUDA graph warmup complete
ggml_backend_cuda_graph_compute: CUDA graph warmup complete
ggml_backend_cuda_graph_compute: CUDA graph warmup complete
ggml_backend_cuda_graph_compute: CUDA graph warmup complete
ggml_backend_cuda_graph_compute: CUDA graph warmup complete
ggml_backend_cuda_graph_compute: CUDA graph warmup complete
ggml_backend_cuda_graph_compute: CUDA graph warmup complete
ggml_backend_cuda_graph_compute: CUDA graph warmup complete
ggml_backend_cuda_graph_compute: CUDA graph warmup complete
ggml_backend_cuda_graph_compute: CUDA graph warmup complete
ggml_backend_cuda_graph_compute: CUDA graph warmup complete
ggml_backend_cuda_graph_compute: CUDA graph warmup complete
ggml_backend_cuda_graph_compute: CUDA graph warmup complete
ggml_backend_cuda_graph_compute: CUDA graph warmup complete
ggml_backend_cuda_graph_compute: CUDA graph warmup complete
ggml_backend_cuda_graph_compute: CUDA graph warmup complete
ggml_backend_cuda_graph_compute: CUDA graph warmup complete
ggml_backend_cuda_graph_compute: CUDA graph warmup complete
ggml_backend_cuda_graph_compute: CUDA graph warmup complete
ggml_backend_cuda_graph_compute: CUDA graph warmup complete
ggml_backend_cuda_graph_compute: CUDA graph warmup complete
ggml_backend_cuda_graph_compute: CUDA graph warmup complete
ggml_backend_cuda_graph_compute: CUDA graph warmup complete
ggml_backend_cuda_graph_compute: CUDA graph warmup complete
ggml_backend_cuda_graph_compute: CUDA graph warmup complete
ggml_backend_cuda_graph_compute: CUDA graph warmup complete
ggml_backend_cuda_graph_compute: CUDA graph warmup complete
ggml_backend_cuda_graph_compute: CUDA graph warmup complete
ggml_backend_cuda_graph_compute: CUDA graph warmup complete
ggml_backend_cuda_graph_compute: CUDA graph warmup complete
ggml_backend_cuda_graph_compute: CUDA graph warmup complete
ggml_backend_cuda_graph_compute: CUDA graph warmup complete
ggml_backend_cuda_graph_compute: CUDA graph warmup complete
ggml_backend_cuda_graph_compute: CUDA graph warmup complete
ggml_backend_cuda_graph_compute: CUDA graph warmup complete
ggml_backend_cuda_graph_compute: CUDA graph warmup complete
ggml_backend_cuda_graph_compute: CUDA graph warmup complete
ggml_backend_cuda_graph_compute: CUDA graph warmup complete
ggml_backend_cuda_graph_compute: CUDA graph warmup complete
ggml_backend_cuda_graph_compute: CUDA graph warmup complete
ggml_backend_cuda_graph_compute: CUDA graph warmup complete
ggml_backend_cuda_graph_compute: CUDA graph warmup complete
ggml_backend_cuda_graph_compute: CUDA graph warmup complete
ggml_backend_cuda_graph_compute: CUDA graph warmup complete
ggml_backend_cuda_graph_compute: CUDA graph warmup complete
ggml_backend_cuda_graph_compute: CUDA graph warmup complete
ggml_backend_cuda_graph_compute: CUDA graph warmup complete
ggml_backend_cuda_graph_compute: CUDA graph warmup complete
ggml_backend_cuda_graph_compute: CUDA graph warmup complete
ggml_backend_cuda_graph_compute: CUDA graph warmup complete
ggml_backend_cuda_graph_compute: CUDA graph warmup complete
ggml_backend_cuda_graph_compute: CUDA graph warmup complete
ggml_backend_cuda_graph_compute: CUDA graph warmup complete
ggml_backend_cuda_graph_compute: CUDA graph warmup complete
ggml_backend_cuda_graph_compute: CUDA graph warmup complete
ggml_backend_cuda_graph_compute: CUDA graph warmup complete
ggml_backend_cuda_graph_compute: CUDA graph warmup complete
ggml_backend_cuda_graph_compute: CUDA graph warmup complete
ggml_backend_cuda_graph_compute: CUDA graph warmup complete
ggml_backend_cuda_graph_compute: CUDA graph warmup complete
ggml_backend_cuda_graph_compute: CUDA graph warmup complete
ggml_backend_cuda_graph_compute: CUDA graph warmup complete
ggml_backend_cuda_graph_compute: CUDA graph warmup complete
ggml_backend_cuda_graph_compute: CUDA graph warmup complete
ggml_backend_cuda_graph_compute: CUDA graph warmup complete
ggml_backend_cuda_graph_compute: CUDA graph warmup complete
ggml_backend_cuda_graph_compute: CUDA graph warmup complete
ggml_backend_cuda_graph_compute: CUDA graph warmup complete
ggml_backend_cuda_graph_compute: CUDA graph warmup complete
ggml_backend_cuda_graph_compute: CUDA graph warmup complete
ggml_backend_cuda_graph_compute: CUDA graph warmup complete
ggml_backend_cuda_graph_compute: CUDA graph warmup complete
ggml_backend_cuda_graph_compute: CUDA graph warmup complete
ggml_backend_cuda_graph_compute: CUDA graph warmup complete
ggml_backend_cuda_graph_compute: CUDA graph warmup complete
ggml_backend_cuda_graph_compute: CUDA graph warmup complete
ggml_backend_cuda_graph_compute: CUDA graph warmup complete
ggml_backend_cuda_graph_compute: CUDA graph warmup complete
ggml_backend_cuda_graph_compute: CUDA graph warmup complete
ggml_backend_cuda_graph_compute: CUDA graph warmup complete
ggml_backend_cuda_graph_compute: CUDA graph warmup complete
ggml_backend_cuda_graph_compute: CUDA graph warmup complete
ggml_backend_cuda_graph_compute: CUDA graph warmup complete
ggml_backend_cuda_graph_compute: CUDA graph warmup complete
ggml_backend_cuda_graph_compute: CUDA graph warmup complete
ggml_backend_cuda_graph_compute: CUDA graph warmup complete
ggml_backend_cuda_graph_compute: CUDA graph warmup complete
ggml_backend_cuda_graph_compute: CUDA graph warmup complete
ggml_backend_cuda_graph_compute: CUDA graph warmup complete
ggml_backend_cuda_graph_compute: CUDA graph warmup complete
ggml_backend_cuda_graph_compute: CUDA graph warmup complete
ggml_backend_cuda_graph_compute: CUDA graph warmup complete
ggml_backend_cuda_graph_compute: CUDA graph warmup complete
ggml_backend_cuda_graph_compute: CUDA graph warmup complete
ggml_backend_cuda_graph_compute: CUDA graph warmup complete
ggml_backend_cuda_graph_compute: CUDA graph warmup complete
ggml_backend_cuda_graph_compute: CUDA graph warmup complete
ggml_backend_cuda_graph_compute: CUDA graph warmup complete
ggml_backend_cuda_graph_compute: CUDA graph warmup complete
ggml_backend_cuda_graph_compute: CUDA graph warmup complete
tierinfer-trace: wrote 24862 lines from 24862 routing tensors
tierinfer-trace: timing load=167.51s prompt=151 tokens in 134.50s (1.12 t/s) generation=400 tokens in 1029.01s (0.39 t/s) first_token=8.832s
llama_perf_context_print:        load time =  301953.16 ms
llama_perf_context_print: prompt eval time =       0.00 ms /   151 tokens (    0.00 ms per token,      inf tokens per second)
llama_perf_context_print:        eval time =       0.00 ms /   399 runs   (    0.00 ms per token,      inf tokens per second)
llama_perf_context_print:       total time = 1330969.62 ms /   550 tokens
llama_perf_context_print:    graphs reused =        397
~llama_context:      CUDA0 compute buffer size is 2156.7598 MiB, matches expectation of 2156.7598 MiB
~llama_context:  CUDA_Host compute buffer size is  28.0137 MiB, matches expectation of  28.0137 MiB
