t,mem_available,cached,vram_used,cpu_busy_frac,md0_rps,md0_merges_ps,md0_MBps,md0_avg_kb,md0_await_ms,md0_util,md0_inflight,sda_rps,sda_merges_ps,sda_MBps,sda_avg_kb,sda_await_ms,sda_util,sda_inflight,sdb_rps,sdb_merges_ps,sdb_MBps,sdb_avg_kb,sdb_await_ms,sdb_util,sdb_inflight
1789697778.2,196386201600,189273935872,3429892096,0.054,2232,0,760.1,332.5,2.26,0.44,9,960,212,380.2,386.6,2.22,0.43,4,976,84,379.9,380.0,2.35,0.44,4
1789697780.2,196204388352,191287222272,3429892096,0.042,5477,0,990.5,176.6,1.67,0.67,35,2645,55,495.6,183.0,1.63,0.63,23,2714,63,495.0,178.1,1.69,0.65,12
1789697782.2,196117757952,193539096576,3429892096,0.032,5948,0,1103.7,181.2,2.11,0.75,17,2909,47,553.0,185.6,2.09,0.71,9,2934,58,550.7,183.3,2.09,0.73,8
1789697784.2,196208754688,195809685504,3429892096,0.022,5606,0,1130.2,196.9,2.31,0.77,23,2719,59,565.4,203.0,2.22,0.74,5,2762,66,564.8,199.7,2.34,0.75,18
1789697786.3,196235689984,193437499392,3429892096,0.051,4931,0,1130.2,223.8,2.36,0.75,19,2350,97,564.6,234.6,2.30,0.72,6,2400,88,565.6,230.2,2.42,0.73,7
1789697788.3,196256714752,192506462208,3429892096,0.039,5607,0,1188.5,207.0,2.76,0.79,5,2659,170,593.3,217.9,2.72,0.76,2,2654,121,595.2,219.1,2.79,0.77,3
1789697790.3,196098850816,192877588480,3429892096,0.043,5341,0,1139.9,208.4,2.68,0.76,10,2551,117,571.1,218.6,2.63,0.73,4,2572,101,568.8,216.0,2.71,0.73,6
1789697792.3,195985686528,195339407360,3429892096,0.048,5144,0,1202.5,228.3,2.97,0.80,58,2492,71,603.0,236.3,2.92,0.77,29,2498,84,599.5,234.4,2.98,0.78,26
1789697794.3,196231405568,195045748736,3429892096,0.027,4806,0,1219.5,247.8,3.38,0.80,0,2304,103,610.9,258.9,3.27,0.78,0,2312,86,608.5,257.1,3.49,0.79,0
1789697796.4,196203847680,194634039296,3429892096,0.060,6385,0,1174.9,179.7,2.02,0.77,13,3092,109,587.1,185.5,1.98,0.73,7,3098,86,587.7,185.2,2.03,0.74,6
1789697798.4,196210647040,190585950208,3429892096,0.055,5816,0,1189.2,199.7,2.28,0.77,2,2695,271,594.7,215.5,2.26,0.74,1,2710,140,594.5,214.3,2.28,0.75,1
1789697800.4,196207099904,187512221696,3429892096,0.036,5851,0,1199.5,200.2,2.22,0.80,0,2752,225,601.5,213.4,2.18,0.77,0,2735,139,598.1,213.5,2.23,0.78,0
1789697802.4,196183257088,185494872064,3429892096,0.042,4872,0,1237.8,248.1,2.75,0.80,0,2270,200,619.0,266.3,2.71,0.77,0,2256,145,618.8,267.8,2.81,0.79,0
1789697804.5,196212219904,181422080000,3429892096,0.053,3060,0,1148.3,366.5,2.90,0.73,4,1379,182,574.0,406.6,2.95,0.71,1,1404,95,574.2,399.5,3.01,0.73,2
1789697806.5,196134658048,180771659776,3429892096,0.050,3340,0,1328.7,388.5,3.73,0.83,23,1558,175,663.6,416.0,3.77,0.81,11,1532,75,665.0,424.0,3.92,0.82,12
1789697808.5,196030435328,183641911296,3429892096,0.042,3213,0,1403.5,426.6,4.20,0.89,0,1553,50,702.1,441.5,4.22,0.86,0,1552,58,701.5,441.4,4.35,0.88,0
1789697810.6,196033597440,186546290688,3429892096,0.017,3243,0,1431.1,430.9,3.94,0.88,13,1586,28,717.2,441.7,3.95,0.86,7,1607,23,713.9,433.9,4.02,0.87,6
1789697812.6,195691196416,189628575744,3429892096,0.035,3283,0,1420.9,422.6,3.74,0.87,9,1625,10,712.2,428.1,3.74,0.85,5,1636,12,708.6,423.1,3.81,0.86,4
1789697814.6,195524063232,192471961600,3429892096,0.046,3193,0,1374.1,420.2,4.00,0.88,29,1582,22,686.5,423.7,4.00,0.85,14,1577,12,687.5,425.7,4.07,0.86,15
1789697816.6,195698327552,193520926720,3429892096,0.030,2952,0,1382.9,457.5,4.43,0.86,0,1415,64,690.4,476.5,4.47,0.84,0,1437,36,692.4,470.5,4.60,0.86,0
1789697818.7,195767128064,192786116608,3429892096,0.054,2667,0,1158.2,424.1,3.82,0.72,19,1257,141,580.3,450.7,3.92,0.70,6,1245,27,577.9,453.5,3.99,0.71,7
1789697820.7,195736969216,187317194752,3429892096,0.073,2832,0,1150.5,396.8,3.59,0.73,4,1253,223,574.3,447.5,3.68,0.71,2,1262,90,576.2,445.7,3.81,0.73,2
1789697822.7,195756519424,182475112448,3429892096,0.057,3184,0,1256.6,385.4,3.89,0.80,0,1402,293,626.5,436.5,3.95,0.77,0,1406,83,630.1,437.6,4.15,0.79,0
1789697824.8,195653345280,177110024192,3429892096,0.076,2387,0,961.6,393.4,3.87,0.61,46,1051,163,480.9,446.8,3.89,0.59,27,1078,95,480.6,435.5,4.16,0.61,19
1789697826.8,195736788992,169730011136,3429892096,0.048,3433,0,1354.1,385.2,5.28,0.82,13,1555,228,677.3,425.2,5.32,0.81,4,1569,82,676.8,421.2,5.60,0.82,5
1789697828.8,195721359360,163786346496,3429892096,0.060,2817,0,1227.5,425.5,5.28,0.77,9,1227,335,613.6,488.3,5.44,0.75,3,1232,23,614.0,486.6,5.77,0.76,3
1789697830.8,195714031616,159144902656,3429892096,0.054,3264,0,1382.6,413.6,5.36,0.86,25,1493,261,690.8,451.8,5.45,0.85,12,1458,51,691.8,463.3,5.73,0.86,13
1789697832.9,195823054848,153993650176,3429892096,0.055,3009,0,1354.8,439.7,5.83,0.84,0,1425,114,677.1,464.0,5.88,0.83,0,1413,57,677.7,468.3,6.20,0.84,0
1789697834.9,195897344000,157032013824,3429892096,0.078,3406,0,1503.1,431.0,2.84,0.91,0,1450,290,751.4,506.1,2.81,0.88,0,1453,213,751.7,505.3,3.10,0.91,0
1789697836.9,196046393344,157675069440,3429892096,0.081,2684,0,1241.2,451.6,2.98,0.76,14,1192,157,620.8,508.6,2.94,0.73,6,1197,139,620.5,506.2,3.25,0.76,7
1789697839.0,195947749376,152775127040,3429892096,0.082,2527,0,1050.5,406.0,3.49,0.65,27,1007,450,525.2,509.4,3.61,0.63,13,1002,67,525.3,512.0,3.93,0.65,14
1789697841.0,196028788736,148946575360,3429892096,0.062,2612,0,1173.0,438.6,4.32,0.74,3,1119,277,586.4,511.5,4.51,0.72,1,1119,97,586.6,511.8,4.83,0.74,1
1789697843.0,196022882304,145887670272,3429892096,0.055,2920,0,1400.2,468.3,5.36,0.85,25,1337,172,700.2,511.6,5.51,0.84,12,1336,75,699.9,511.8,5.84,0.85,13
1789697845.1,196023119872,137200857088,3429892096,0.056,2734,0,1276.3,455.9,4.53,0.77,0,1218,213,638.0,511.6,4.67,0.75,0,1218,85,638.3,511.8,5.00,0.77,0
1789697847.1,196034916352,130343944192,3429892096,0.085,2625,0,1110.2,413.0,3.11,0.69,5,1060,384,555.2,511.5,3.18,0.66,2,1060,121,555.0,511.3,3.47,0.69,3
1789697849.1,196024287232,121773432832,3429892096,0.073,2614,0,1124.2,420.0,3.05,0.69,0,1073,374,562.0,511.5,3.08,0.66,0,1074,93,562.2,511.3,3.36,0.69,0
1789697851.1,195974369280,116773756928,3429892096,0.047,2834,0,1424.5,490.8,6.30,0.89,26,1359,55,712.3,512.0,6.35,0.88,13,1359,62,712.3,512.0,6.71,0.89,13
1789697853.2,195992674304,112527761408,3429892096,0.064,2870,0,1402.4,477.2,5.65,0.86,27,1338,179,701.3,511.8,5.80,0.85,13,1337,15,701.1,512.0,6.12,0.86,14
1789697855.2,196027588608,113001222144,3429892096,0.047,1733,0,869.6,489.9,6.32,0.54,0,829,23,434.7,512.0,6.43,0.54,0,830,52,434.9,512.0,6.73,0.54,0
1789697857.3,196174188544,113661685760,3429892096,0.078,906,0,392.5,422.8,2.70,0.25,0,374,51,196.2,512.0,2.66,0.24,0,374,107,196.2,512.0,3.04,0.25,0
1789697859.3,196207087616,113479000064,3429892096,0.063,2025,0,1048.0,505.5,6.05,0.61,23,1000,20,524.2,512.0,6.00,0.61,11,999,5,523.9,512.0,6.39,0.61,12
1789697861.4,196248588288,113781923840,3429892096,0.017,3069,0,1606.3,511.1,7.12,0.95,0,1534,2,803.0,511.3,7.03,0.95,0,1533,0,803.3,511.7,7.37,0.95,0
1789697863.4,196143480832,113624190976,3429892096,0.052,2648,0,1385.2,510.9,6.60,0.81,17,1321,6,692.7,512.0,6.51,0.81,8,1321,0,692.5,512.0,6.89,0.81,9
1789697865.4,196224278528,113435734016,3429892096,0.016,3091,0,1620.7,512.0,7.28,0.98,28,1545,0,810.2,512.0,7.19,0.98,14,1546,0,810.5,512.0,7.55,0.98,14
1789697867.5,196259782656,114500796416,3429892096,0.061,1684,0,797.8,462.7,4.23,0.46,28,761,47,398.9,512.0,4.38,0.45,14,761,115,398.9,512.0,4.63,0.46,14
1789697869.5,196270850048,115124301824,3429892096,0.086,711,0,354.6,486.8,4.62,0.22,0,338,16,177.3,512.0,4.62,0.21,0,338,19,177.3,512.0,4.94,0.22,0
1789697871.7,196476162048,115243343872,3429892096,0.042,2244,0,1124.1,489.1,5.97,0.68,16,1087,55,562.0,505.0,5.99,0.67,8,1086,17,562.2,505.6,6.31,0.68,8
1789697873.7,196379181056,115431526400,3429892096,0.018,3094,0,1616.5,510.2,7.57,1.00,21,1545,0,808.5,511.1,7.47,1.00,10,1549,0,808.0,509.4,7.81,1.00,11
1789697875.7,196378783744,115635838976,3429892096,0.021,3108,0,1624.1,510.3,7.53,1.00,21,1552,0,812.1,510.8,7.44,1.00,10,1555,0,812.0,510.0,7.76,1.00,11
1789697877.8,196364496896,115480563712,3429892096,0.012,3081,0,1613.3,511.4,7.58,1.00,27,1539,0,806.7,512.0,7.50,1.00,13,1540,2,806.7,511.7,7.83,1.00,13
1789697879.8,196332728320,116408365056,3429892096,0.083,1639,0,770.4,459.0,4.81,0.47,20,784,30,385.1,479.6,4.84,0.46,10,779,46,385.3,482.9,5.13,0.47,10
1789697881.8,196425646080,116884938752,3429892096,0.093,505,0,245.1,474.0,3.38,0.16,0,234,18,122.6,512.0,3.33,0.15,0,234,19,122.6,512.0,3.71,0.16,0
1789697884.0,196337995776,116951998464,3429892096,0.033,2409,0,1254.0,508.3,7.07,0.76,16,1197,5,627.0,511.6,7.00,0.76,8,1199,8,627.0,510.8,7.31,0.76,8
1789697886.0,196333051904,116902985728,3429892096,0.028,3266,0,1712.3,512.0,7.07,1.00,25,1633,0,856.3,512.0,6.98,1.00,12,1633,0,856.0,512.0,7.31,1.00,13
1789697888.0,196316160000,116938973184,3429892096,0.012,3385,0,1773.6,511.6,6.87,1.00,25,1691,2,886.8,512.0,6.83,1.00,12,1692,0,886.8,511.8,7.07,1.00,13
1789697890.1,196403802112,117257940992,3429892096,0.036,2468,0,1283.6,507.8,7.04,0.79,0,1224,9,641.7,512.0,7.03,0.78,0,1224,11,641.9,512.0,7.31,0.79,0
1789697892.1,196409810944,117967106048,3429892096,0.086,772,0,366.0,462.7,2.75,0.24,0,350,25,183.0,511.3,2.67,0.23,0,349,48,183.0,512.0,3.01,0.24,0
1789697894.2,196464951296,117695606784,3429892096,0.024,2803,0,1445.2,503.4,6.92,0.87,24,1381,29,722.6,511.0,6.89,0.87,12,1383,10,722.6,510.2,7.24,0.87,12
1789697896.3,196364398592,118097129472,3429892096,0.022,3282,0,1718.9,511.5,7.07,1.00,26,1641,0,859.4,511.3,7.01,1.00,13,1640,0,859.5,511.8,7.32,1.00,13
1789697898.3,196362268672,117897043968,3429892096,0.019,3134,0,1641.3,511.4,7.45,1.00,26,1566,0,820.6,511.7,7.36,1.00,13,1567,1,820.6,511.5,7.67,1.00,13
1789697900.3,196415401984,118256463872,3429892096,0.022,2966,0,1545.7,508.9,7.24,0.94,0,1478,6,772.9,510.8,7.15,0.94,0,1479,3,772.9,510.3,7.49,0.94,0
1789697902.4,196431249408,119134756864,3429892096,0.091,950,0,454.3,466.9,2.60,0.28,13,435,23,227.1,510.3,2.51,0.26,6,433,60,227.1,512.0,2.92,0.28,6
1789697904.4,196422766592,119093313536,3429892096,0.036,2278,0,1175.6,504.0,6.48,0.71,26,1123,11,587.8,511.3,6.41,0.71,13,1125,19,587.8,510.4,6.78,0.71,13
1789697906.5,196333596672,119352119296,3429892096,0.017,3145,0,1648.9,512.0,7.43,1.00,31,1573,0,824.6,512.0,7.32,1.00,15,1572,0,824.3,512.0,7.67,1.00,16
1789697908.5,196265431040,119093616640,3429892096,0.023,3082,0,1615.8,512.0,7.53,1.00,21,1541,0,807.9,512.0,7.45,1.00,10,1541,0,807.9,512.0,7.78,1.00,11
1789697910.5,196226719744,119496523776,3429892096,0.025,3228,0,1690.6,511.5,7.14,1.00,28,1614,0,845.1,511.5,7.04,1.00,14,1613,1,845.4,511.8,7.38,1.00,14
1789697912.5,196343726080,120301129728,3429892096,0.095,1472,0,728.5,483.4,4.57,0.45,12,695,28,364.2,512.0,4.58,0.44,5,695,55,364.2,512.0,4.90,0.45,5
1789697914.6,196411043840,120058146816,3429892096,0.075,1526,0,732.6,468.9,4.23,0.48,9,699,73,366.3,512.0,4.29,0.46,3,699,56,366.3,512.0,4.60,0.47,3
1789697916.6,196339154944,117800407040,3429892096,0.035,2921,0,1422.2,475.4,6.02,0.89,17,1357,132,711.2,512.0,6.18,0.87,8,1356,75,711.0,512.0,6.48,0.89,9
1789697918.7,196191371264,117603987456,3429892096,0.032,3118,0,1634.7,512.0,7.44,1.00,24,1559,0,817.2,512.0,7.36,1.00,12,1559,0,817.5,512.0,7.68,1.00,12
1789697920.7,196277063680,117649571840,3429892096,0.013,3178,0,1662.3,510.9,7.26,1.00,22,1587,2,831.2,511.5,7.17,1.00,11,1589,0,831.1,510.8,7.52,1.00,11
1789697922.7,196355530752,116798783488,3429892096,0.029,3167,0,1642.4,506.5,7.08,0.98,3,1567,31,821.2,511.7,7.01,0.98,1,1568,1,821.2,511.5,7.31,0.98,1
1789697924.8,196373495808,111008522240,3429892096,0.082,2858,0,1117.2,381.8,3.04,0.66,10,1066,722,558.6,512.0,3.14,0.64,4,1070,0,558.6,509.6,3.39,0.66,4
1789697926.8,196360732672,108405702656,3429892096,0.070,1892,0,737.5,380.6,2.75,0.46,0,703,485,368.8,512.0,2.71,0.45,0,703,0,368.8,512.0,3.00,0.46,0
1789697928.8,196366123008,108026150912,3429892096,0.068,1816,0,784.4,421.8,4.20,0.50,15,758,293,392.2,505.0,4.44,0.48,5,759,8,392.2,504.4,4.76,0.50,5
1789697930.9,196229259264,107842043904,3429892096,0.038,2785,0,1442.2,505.8,7.28,0.88,25,1381,14,721.3,510.0,7.20,0.88,12,1382,5,720.9,509.5,7.49,0.88,13
1789697932.9,196139749376,108168802304,3429892096,0.050,3222,0,1680.7,509.3,7.22,1.00,31,1610,7,840.4,509.8,7.17,1.00,15,1604,2,840.3,511.7,7.44,1.00,16
1789697934.9,196194390016,108538720256,3429892096,0.063,3250,0,1702.7,511.7,7.07,1.00,15,1624,0,851.3,511.8,7.01,1.00,7,1624,0,851.3,511.8,7.32,1.00,8
1789697937.0,196226928640,111845330944,3429892096,0.070,3115,0,1628.1,510.5,7.39,1.00,26,1555,4,813.9,511.2,7.32,1.00,13,1555,0,814.2,511.2,7.67,1.00,12
1789697939.0,196200808448,115136692224,3429892096,0.076,3121,0,1621.0,507.1,7.40,1.00,29,1556,6,810.6,508.8,7.34,1.00,14,1555,4,810.4,508.8,7.68,1.00,15
1789697941.0,196084244480,118475821056,10197401600,0.089,4133,0,1640.3,387.6,5.89,0.97,4,1969,72,820.5,407.0,5.75,0.97,2,2016,77,819.8,397.2,6.17,0.97,1
1789697943.0,195957321728,121197490176,10197401600,0.071,3058,0,1339.4,427.8,4.48,0.86,11,1439,80,669.1,454.0,4.53,0.84,5,1456,82,670.3,449.7,4.69,0.84,6
1789697945.1,195674836992,124096569344,13582204928,0.064,4059,0,1402.6,337.5,4.41,0.79,21,1923,107,700.1,355.5,4.43,0.78,11,1915,115,702.5,358.3,4.56,0.78,8
1789697947.1,195741818880,127850737664,13582204928,0.041,5757,0,1854.3,314.6,4.49,0.97,23,2749,130,927.5,329.5,4.47,0.96,11,2743,133,926.8,329.9,4.56,0.96,11
1789697949.1,195743940608,131467751424,13582204928,0.027,6517,0,1793.3,268.7,4.21,0.97,22,3190,114,894.5,273.8,4.18,0.96,11,3108,105,898.8,282.4,4.22,0.96,10
1789697951.1,195687116800,135093358592,13582204928,0.031,5664,0,1794.7,309.4,4.17,0.96,60,2760,93,895.2,316.7,4.07,0.94,35,2729,82,899.4,321.9,4.25,0.95,23
1789697953.1,195724808192,138775932928,13582204928,0.036,6261,0,1822.8,284.3,4.23,0.97,22,3048,108,910.2,291.6,4.13,0.96,9,2995,109,912.6,297.6,4.35,0.96,13
1789697955.1,195691028480,142449569792,13582204928,0.028,6319,0,1822.0,281.6,4.34,0.97,22,3101,91,908.3,286.1,4.28,0.96,11,3043,85,913.6,293.2,4.41,0.97,11
1789697957.2,195718336512,146121334784,13582204928,0.045,5884,0,1816.5,301.5,4.27,0.96,22,2858,101,905.5,309.4,4.25,0.95,10,2832,94,911.1,314.1,4.31,0.95,12
1789697959.2,195726417920,149735014400,13582204928,0.023,6142,0,1790.4,284.7,4.03,0.95,76,2987,71,894.0,292.3,3.95,0.94,23,3015,72,896.3,290.3,4.10,0.94,48
1789697961.2,195777490944,153433174016,13582204928,0.028,5849,0,1835.5,306.5,4.33,0.97,112,2863,92,916.9,312.7,4.29,0.96,56,2814,79,918.7,318.8,4.39,0.96,51
1789697963.2,195691241472,156832735232,13582204928,0.040,6258,0,1678.8,262.0,4.18,0.93,19,3061,94,837.0,267.0,4.12,0.91,4,2998,103,841.8,274.2,4.21,0.91,15
1789697965.2,195764277248,158447247360,13582204928,0.034,4135,0,798.6,188.6,3.32,0.58,69,2004,73,400.5,195.2,3.28,0.54,31,2008,53,398.1,193.6,3.25,0.55,33
1789697967.3,195776163840,161441931264,13582204928,0.028,5140,0,1479.3,281.1,5.16,0.97,65,2487,80,739.5,290.4,5.04,0.95,34,2494,80,739.8,289.7,5.29,0.96,24
1789697969.3,195715522560,164487929856,13582204928,0.041,5575,0,1483.0,259.8,4.92,0.97,24,2672,87,741.3,270.9,4.79,0.94,12,2707,106,741.8,267.6,5.02,0.95,12
1789697971.3,195655819264,167418626048,13582204928,0.030,5323,0,1454.6,266.9,5.06,0.95,10,2544,83,727.4,279.2,4.92,0.93,5,2610,86,727.2,272.1,5.18,0.94,5
1789697973.3,195624886272,170410373120,13582204928,0.046,5044,0,1476.9,285.9,4.99,0.96,31,2440,74,738.4,295.5,4.87,0.94,17,2457,73,738.5,293.5,5.12,0.95,14
1789697975.3,195750748160,173325324288,13582204928,0.032,6014,0,1443.4,234.4,4.30,0.95,27,2906,113,723.0,243.0,4.23,0.93,13,2902,94,720.4,242.5,4.35,0.93,14
1789697977.3,195710791680,176131211264,13582204928,0.020,6165,0,1395.9,221.1,3.93,0.93,10,2954,86,696.5,230.2,3.83,0.91,5,3029,96,699.4,225.5,3.99,0.91,5
1789697979.4,195682635776,178940424192,13582204928,0.042,7905,0,1388.1,171.5,3.47,0.93,23,3828,115,691.4,176.4,3.40,0.91,13,3847,115,696.7,176.8,3.47,0.91,10
1789697981.4,195725094912,179933118464,13582204928,0.033,3858,0,492.2,124.6,2.45,0.40,0,1926,50,245.9,124.7,2.40,0.36,0,1838,43,246.2,130.8,2.38,0.37,0
1789697983.4,195682549760,180544802816,13582204928,0.040,1905,0,302.8,155.2,0.72,0.27,0,984,0,151.9,150.8,0.67,0.23,0,921,0,150.9,160.0,0.74,0.24,0
1789697985.4,195732959232,181715517440,13582204928,0.047,1890,0,579.4,299.4,1.92,0.41,4,943,33,290.0,300.3,1.82,0.38,2,908,5,289.3,311.1,2.04,0.39,2
1789697987.4,195700240384,182831554560,13582204928,0.032,1899,0,546.3,281.0,1.82,0.39,4,952,1,272.1,279.2,1.79,0.36,2,945,0,274.2,283.3,1.87,0.37,2
1789697989.5,195707084800,184869609472,13582204928,0.029,2339,0,1007.7,420.8,2.89,0.64,0,1161,15,503.8,423.7,2.84,0.60,0,1162,1,503.9,423.6,3.04,0.63,0
1789697991.5,195633573888,187231326208,13582204928,0.039,2433,0,1165.4,467.8,3.47,0.75,2,1207,1,581.0,470.3,3.46,0.72,1,1225,0,584.3,465.9,3.52,0.74,1
1789697993.5,195615084544,189615632384,13582204928,0.023,2778,0,1179.5,414.6,3.90,0.77,13,1383,7,589.5,416.3,3.89,0.75,6,1387,1,590.1,415.4,4.00,0.75,7
1789697995.5,195535663104,192707010560,13582204928,0.039,3113,0,1531.3,480.4,5.37,0.94,20,1540,13,764.1,484.5,5.34,0.93,9,1546,14,767.2,484.7,5.54,0.94,11
1789697997.5,195615539200,194888466432,13582204928,0.014,3047,0,1526.6,489.3,5.36,0.94,0,1521,11,761.6,488.9,5.31,0.92,0,1510,4,765.0,494.8,5.62,0.93,0
1789697999.5,196011618304,196024545280,13582204928,0.038,3239,0,1551.3,467.7,5.50,0.96,28,1593,43,774.6,474.9,5.50,0.95,14,1576,27,776.6,481.2,5.66,0.95,14
1789698001.6,195836801024,196087513088,13582204928,0.116,1228,0,590.5,469.7,4.18,0.34,20,605,21,294.9,475.9,4.17,0.33,9,591,11,295.6,488.6,4.42,0.34,11
1789698003.6,196388139008,195714768896,13582204928,0.042,3055,0,1490.7,476.5,5.55,0.91,20,1471,54,744.6,494.4,5.61,0.90,10,1490,40,746.0,488.9,5.74,0.91,10
1789698005.6,196291346432,195781648384,13582204928,0.027,3040,0,1545.9,496.6,5.53,0.94,19,1514,4,772.2,498.1,5.52,0.93,9,1520,2,773.8,497.0,5.69,0.93,10
1789698007.6,196266598400,194461163520,13582204928,0.032,3028,0,1527.5,492.7,5.79,0.95,11,1510,11,763.1,493.6,5.72,0.94,5,1501,5,764.4,497.2,5.95,0.95,6
1789698009.6,196293222400,195759517696,13582204928,0.015,2982,0,1522.3,498.6,5.74,0.95,10,1493,2,760.9,497.6,5.64,0.94,4,1484,2,761.3,501.0,5.96,0.95,6
1789698011.7,196278185984,195914428416,13582204928,0.020,3129,0,1613.4,503.5,5.67,0.96,23,1554,5,806.4,506.6,5.60,0.95,11,1568,1,807.0,502.5,5.89,0.96,12
1789698013.7,196300726272,196122267648,13582204928,0.027,3193,0,1636.8,500.6,5.47,0.95,5,1582,18,817.4,504.6,5.38,0.94,2,1584,9,819.3,505.1,5.68,0.95,3
1789698015.7,195983597568,195028226048,13582204928,0.052,2306,0,1116.0,472.6,4.52,0.67,4,1097,54,557.7,496.4,4.58,0.66,1,1081,75,558.4,504.5,4.79,0.67,2
1789698017.7,195686883328,193729314816,13582204928,0.078,1605,0,732.4,445.6,3.04,0.45,0,712,67,365.9,501.8,3.02,0.43,0,708,118,366.6,505.6,3.27,0.45,0
1789698019.7,196272660480,192540110848,13582204928,0.080,1650,0,753.5,445.9,3.05,0.46,0,741,67,376.5,496.1,3.08,0.44,0,736,106,377.1,500.2,3.36,0.46,0
1789698021.7,196352081920,191214718976,13582204928,0.066,1591,0,765.0,469.6,3.58,0.47,32,748,54,382.3,499.1,3.58,0.46,16,746,44,382.7,501.0,3.82,0.47,15
1789698023.8,196240228352,189603307520,13582204928,0.078,1711,0,818.3,467.0,3.57,0.51,1,791,58,408.9,505.0,3.64,0.49,0,802,60,409.5,498.6,3.81,0.50,1
1789698025.8,196345958400,188117123072,13582204928,0.060,2095,0,996.8,464.6,4.26,0.63,0,973,81,497.7,499.4,4.36,0.61,0,988,53,499.1,493.2,4.44,0.62,0
1789698027.8,196064129024,186847440896,13582204928,0.073,1812,0,866.0,466.7,3.96,0.55,12,840,67,432.5,502.6,4.03,0.54,6,847,58,433.6,500.0,4.21,0.55,6
1789698029.8,196302725120,185749102592,13582204928,0.067,2640,0,1309.3,484.3,5.09,0.82,26,1283,47,655.4,498.7,5.09,0.81,10,1274,36,653.8,501.4,5.37,0.82,16
1789698031.8,196239265792,188367912960,13582204928,0.032,3005,0,1517.4,493.1,5.57,0.94,27,1462,19,757.0,505.6,5.63,0.94,13,1495,28,760.4,496.6,5.72,0.94,14
1789698033.8,196234342400,191638413312,13582204928,0.034,3196,0,1620.5,495.1,5.60,0.96,13,1572,34,809.2,502.7,5.53,0.95,6,1573,17,811.3,503.8,5.84,0.96,7
1789698035.9,196221386752,194867519488,13582204928,0.030,3132,0,1587.6,495.0,5.20,0.93,27,1542,18,793.5,502.5,5.23,0.92,14,1557,15,794.1,498.2,5.31,0.92,13
1789698037.9,196345851904,195956920320,13582204928,0.056,1869,0,942.1,492.2,4.78,0.56,0,909,18,470.8,505.7,4.83,0.55,0,932,10,471.3,494.0,4.89,0.55,0
1789698039.9,196217249792,196309598208,13582204928,0.065,1644,0,810.7,481.6,3.88,0.43,7,790,38,404.7,500.6,3.95,0.43,4,787,29,406.0,503.7,4.08,0.43,3
1789698042.0,195934482432,195641974784,13582204928,0.083,2408,0,1087.8,441.1,3.21,0.55,5,1058,203,543.6,501.6,3.34,0.54,3,1058,88,544.2,502.1,3.52,0.55,2
1789698044.1,195540197376,195400097792,13582204928,0.067,3007,0,1386.7,450.3,3.26,0.69,17,1366,202,692.8,495.4,3.35,0.69,8,1351,91,693.9,501.5,3.54,0.69,5
1789698046.1,195544776704,194433781760,13582204928,0.082,3122,0,1270.3,397.4,2.62,0.65,0,1251,536,635.2,496.0,2.74,0.63,0,1243,91,635.1,499.1,2.89,0.64,0
1789698048.1,196233129984,194899238912,13582204928,0.034,3902,0,1911.8,478.4,4.34,0.94,15,1879,113,955.4,496.6,4.36,0.93,7,1866,45,956.4,500.5,4.56,0.94,8
1789698050.1,196282298368,195060998144,13582204928,0.032,3764,0,1840.8,477.6,4.34,0.94,21,1794,129,919.8,500.7,4.38,0.94,10,1793,48,921.1,501.7,4.62,0.94,11
1789698052.1,196252450816,195746963456,13582204928,0.033,3486,0,1666.9,467.0,5.10,0.96,21,1640,143,832.9,496.0,5.03,0.96,11,1648,56,834.0,494.3,5.43,0.96,10
1789698054.2,196228083712,196045205504,13582204928,0.025,3407,0,1688.6,484.0,5.00,0.96,7,1659,61,843.5,496.4,4.92,0.95,2,1650,38,845.1,500.2,5.33,0.96,3
1789698056.2,196272852992,195340308480,13582204928,0.031,3389,0,1675.5,482.8,4.88,0.94,22,1626,56,836.6,502.4,4.84,0.93,10,1651,56,838.9,496.3,5.20,0.94,12
1789698058.2,196289253376,193207111680,13582204928,0.048,3077,0,1394.0,442.4,4.58,0.86,30,1464,48,695.8,464.3,4.63,0.83,15,1511,55,698.2,451.2,4.79,0.85,14
1789698060.2,196281683968,191031840768,13582204928,0.048,2858,0,1408.7,481.3,5.13,0.87,6,1378,56,703.6,498.8,5.18,0.86,2,1383,42,705.1,497.9,5.40,0.87,2
1789698062.2,196233478144,188234743808,13582204928,0.052,3052,0,1525.0,487.9,5.47,0.94,31,1473,45,762.1,505.4,5.53,0.93,15,1487,47,763.0,501.1,5.66,0.94,15
1789698064.3,196234035200,186091724800,13582204928,0.044,3005,0,1471.1,478.0,5.22,0.90,3,1433,59,734.5,500.5,5.24,0.89,1,1451,61,736.6,495.8,5.49,0.90,2
1789698066.3,196186791936,183694790656,13582204928,0.043,3122,0,1500.0,469.3,5.46,0.93,23,1498,63,748.4,487.8,5.43,0.92,12,1484,76,751.6,494.5,5.74,0.93,11
1789698068.3,196142481408,182046924800,13582204928,0.046,3328,0,1530.9,449.2,5.14,0.92,19,1572,109,764.5,475.0,5.14,0.91,10,1546,103,766.4,484.2,5.32,0.92,9
1789698070.3,196214124544,177783250944,13582204928,0.049,2814,0,1371.8,476.0,4.66,0.84,21,1337,79,685.7,500.7,4.73,0.82,10,1328,70,686.1,504.7,4.95,0.84,11
1789698072.3,196207099904,172376018944,13582204928,0.056,2556,0,1203.2,459.7,4.38,0.76,16,1197,90,601.0,490.4,4.40,0.74,7,1203,67,602.3,488.8,4.62,0.76,7
1789698074.3,196206157824,171279941632,13582204928,0.034,3085,0,1552.5,491.5,5.42,0.94,29,1500,41,775.3,504.6,5.50,0.92,15,1509,34,777.2,502.9,5.60,0.93,13
1789698076.4,196197928960,169388208128,13582204928,0.026,3040,0,1532.7,492.4,5.44,0.92,19,1492,39,766.0,501.4,5.47,0.91,9,1479,29,766.6,506.1,5.65,0.92,10
1789698078.4,196139913216,167852326912,13582204928,0.048,6606,0,1503.6,222.3,6.80,0.91,24,1502,1774,750.3,487.8,5.71,0.89,14,1498,1833,753.3,491.2,5.89,0.90,9
1789698080.4,196048494592,170556256256,13582204928,0.275,57658,0,1295.9,21.9,11.41,0.88,29,2581,26164,643.5,243.5,9.99,0.88,22,2601,26313,652.4,245.0,9.58,0.89,6
1789698082.4,196023951360,173234466816,13582204928,0.452,51178,0,1310.1,25.0,9.31,0.91,1294,3059,22593,653.8,208.7,953.40,0.90,16,3121,23028,656.2,205.3,8.61,0.91,18
1789698084.4,195964571648,175431344128,13582204928,0.663,43210,0,1063.0,24.0,6.39,0.79,192,3691,17605,531.8,140.7,4.35,0.79,23,3636,17728,531.2,142.7,4.65,0.77,20
1789698086.4,195942178816,178247667712,13582204928,0.434,49028,0,1388.4,27.7,9.38,0.94,520,2769,21595,698.3,246.3,8.24,0.94,23,2725,22106,690.1,247.3,8.03,0.94,13
1789698088.5,195893125120,180918628352,13582204928,0.467,43657,0,1323.2,29.6,9.99,0.91,473,2469,19267,663.0,262.2,9.25,0.91,26,2425,19467,660.3,265.9,9.26,0.89,23
1789698090.5,195792379904,182937141248,13588496384,0.648,36499,0,997.7,26.7,7.73,0.73,91,2607,15553,498.8,186.8,6.54,0.72,31,2576,15573,498.9,189.1,6.61,0.72,22
1789698092.5,195873673216,185012187136,13598982144,0.649,39612,0,1024.5,25.3,7.47,0.71,7,2349,17400,513.8,213.6,5.56,0.72,1,2227,17617,510.7,223.9,1300.44,0.69,6
1789698094.5,195863810048,187637317632,13598982144,0.524,41492,0,1292.1,30.4,8.43,0.91,553,2933,17793,641.9,213.7,7.34,0.89,59,2926,18060,650.3,217.0,7.34,0.89,37
1789698096.6,195823812608,189562703872,13598982144,0.730,39615,0,946.6,23.3,6.02,0.69,663,2626,17036,474.1,176.3,4.39,0.76,21,2525,17511,472.5,182.8,4.53,0.69,32
1789698098.6,195870064640,192380088320,13598982144,0.388,41322,0,1393.5,32.9,10.09,0.96,235,2967,17632,693.8,228.4,986.20,0.95,55,2999,17488,699.7,227.8,8.82,0.95,42
1789698100.6,195851542528,194703396864,13598982144,0.564,39472,0,1163.6,28.8,7.72,0.83,0,3057,16564,582.9,186.2,6.66,0.83,0,3016,16770,580.7,188.0,7.14,0.82,0
1789698102.6,195905929216,195715915776,13598982144,0.605,37714,0,1155.1,29.9,7.25,0.81,337,2630,16364,582.4,216.3,5.83,0.79,19,2500,16368,572.7,223.8,1163.28,0.78,19
1789698104.6,195873923072,195336810496,13598982144,0.476,41867,0,1282.3,29.9,8.38,0.89,0,3170,17635,640.1,197.2,7.32,0.89,0,3155,17758,642.2,198.8,7.50,0.88,0
1789698106.7,195883917312,195140747264,13598982144,0.735,32062,0,780.4,23.8,6.07,0.57,0,2336,13730,393.4,164.5,4.10,0.57,0,2184,13813,387.0,173.0,4.39,0.55,0
1789698108.7,195915227136,195355328512,13598982144,0.655,49697,0,1105.3,21.7,7.53,0.80,352,2749,22215,552.2,196.2,6.17,0.77,20,2722,22164,553.1,198.4,6.17,0.76,20
1789698110.7,195911294976,195334942720,13598982144,0.790,37779,0,733.2,19.0,5.27,0.53,0,2238,16626,368.3,160.7,3.76,0.54,0,2149,16612,364.9,165.8,3.83,0.52,0
1789698112.7,195805118464,195522920448,13598982144,0.854,29235,0,522.2,17.4,4.47,0.64,753,1755,12932,261.4,145.4,3.18,0.60,10,1698,13207,260.8,150.0,3.31,0.62,17
1789698114.8,195907158016,195515297792,13598982144,0.794,37031,0,781.0,20.6,4.98,0.59,0,2510,15541,388.6,151.2,3.94,0.58,0,2537,16086,392.3,151.0,4.07,0.58,0
1789698116.8,195905171456,195520704512,13598982144,0.810,41100,0,751.4,17.9,4.62,0.58,0,2595,17972,376.3,141.6,3.30,0.58,0,2566,17966,375.1,142.8,3.36,0.55,0
1789698118.8,195903467520,195438460928,13598982144,0.643,49162,0,1050.9,20.9,6.35,0.80,234,3166,21324,522.3,161.1,5.14,0.80,3,3143,21639,528.6,164.2,5.28,0.80,10
1789698120.8,195901874176,195586797568,13598982144,0.676,45636,0,996.8,21.3,5.93,0.72,0,2916,19550,498.6,167.0,4.33,0.72,0,2800,20260,498.2,173.8,4.51,0.70,0
1789698122.9,195909304320,195307057152,13598982144,0.755,42427,0,920.6,21.2,5.78,0.68,45,2967,18022,458.9,151.1,4.10,0.65,16,2903,18541,461.7,155.3,4.06,0.66,17
1789698124.9,195900964864,195389243392,13598982144,0.696,42203,0,913.8,21.1,5.89,0.70,0,2502,18456,458.8,179.0,4.25,0.69,0,2358,18881,455.0,188.4,4.62,0.74,0
1789698126.9,195900690432,195249864704,13598982144,0.636,42697,0,1024.3,23.4,7.40,0.73,397,2711,18598,512.3,184.6,6.00,0.72,19,2675,18892,512.0,186.9,6.00,0.73,18
1789698128.9,195901263872,195416657920,13598982144,0.568,47039,0,1177.6,24.4,7.60,0.82,265,2712,20663,590.5,212.6,5.81,0.83,20,2583,21015,587.0,221.9,1130.28,0.81,17
1789698130.9,195904962560,195220586496,13598982144,0.804,43557,0,782.6,17.5,4.67,0.67,0,2715,18850,391.5,140.8,3.19,0.60,0,2614,19266,391.2,146.1,3.25,0.57,0
1789698133.0,195829854208,195224195072,13598982144,0.770,37572,0,841.5,21.9,5.44,0.66,703,2545,16208,419.1,160.8,3.48,0.67,18,2512,16636,422.4,164.2,3.54,0.61,21
1789698135.0,195766964224,195357720576,13598982144,0.709,47342,0,1005.7,20.7,5.81,0.71,0,2881,20560,501.6,170.0,4.09,0.70,0,2851,20722,504.1,172.7,4.17,0.71,0
1789698137.0,195849535488,195293032448,13598982144,0.670,46065,0,968.6,20.5,6.04,0.69,471,2653,20292,484.3,178.3,4.50,0.69,17,2577,20758,484.3,183.5,4.48,0.69,18
1789698139.0,195799281664,196003364864,13598982144,0.719,37364,0,852.1,22.3,6.59,0.63,0,2155,16281,427.1,193.5,4.82,0.59,0,2112,16600,425.0,196.5,4.92,0.61,0
1789698141.1,195818663936,194717216768,13598982144,0.833,40371,0,795.8,19.2,4.46,0.59,195,2620,17469,397.1,148.0,3.23,0.58,17,2623,17738,398.7,148.4,1078.19,0.58,12
1789698143.2,195776475136,195203235840,13598982144,0.723,40914,0,899.2,21.5,5.34,0.65,35,2913,17544,450.1,150.9,3.86,0.64,18,2837,17541,449.0,154.6,1027.00,0.63,12
1789698145.2,195793502208,195370078208,13598982144,0.839,36733,0,733.9,19.5,4.19,0.54,916,2624,15933,366.6,136.4,2.89,0.55,19,2616,15992,367.3,137.1,2.96,0.53,19
1789698147.2,195805806592,195383152640,13598982144,0.828,39655,0,704.4,17.3,3.79,0.57,0,3177,16310,351.3,108.0,2.52,0.54,0,3120,16613,353.1,110.5,2.62,0.53,0
1789698149.2,195780980736,195473944576,13598982144,0.854,33660,0,596.1,17.3,3.44,0.50,0,2676,14066,297.0,108.4,2.23,0.45,0,2636,14282,299.1,110.8,2.30,0.46,0
1789698151.2,195755991040,195402301440,13598982144,0.835,32497,0,613.5,18.4,3.82,0.53,123,2576,13698,307.9,116.7,2.43,0.48,11,2507,13763,305.6,119.0,2.52,0.54,17
1789698153.3,195802714112,195014475776,13598982144,0.817,32884,0,673.0,20.0,4.32,0.56,0,2386,14126,337.4,138.1,2.86,0.56,0,2307,14018,335.6,142.1,3.00,0.48,0
1789698155.3,195781214208,195150192640,13598982144,0.824,36850,0,683.4,18.1,3.60,0.60,164,3080,15414,345.8,109.7,2.34,0.62,19,2900,15518,337.6,113.7,2.35,0.54,21
1789698157.3,195785814016,195475681280,13598982144,0.851,32055,0,584.2,17.8,4.07,0.50,0,2353,13564,292.8,121.5,2.49,0.57,0,2291,13786,291.4,124.2,2.60,0.45,0
1789698159.4,195784364032,195256709120,13598982144,0.864,26512,0,485.7,17.9,3.62,0.49,2,2080,10853,240.9,113.1,1395.32,0.44,2,2104,11475,244.8,113.6,2.36,0.43,0
1789698161.4,195750678528,195344011264,13598982144,0.748,33924,0,874.1,25.2,5.09,0.63,0,2901,13970,440.3,148.2,3.39,0.63,0,2833,14221,433.8,149.6,3.40,0.62,0
1789698163.4,195707506688,195381760000,13598982144,0.730,33679,0,886.0,25.7,5.26,0.67,237,2859,13912,443.9,151.7,3.56,0.66,29,2796,14200,442.1,154.4,3.66,0.63,30
1789698165.4,195770605568,195286876160,13598982144,0.790,35504,0,802.2,22.1,4.22,0.65,0,2774,14960,402.4,141.7,2.96,0.66,0,2698,14984,399.8,144.7,3.08,0.59,0
1789698167.4,195723038720,195148304384,13598982144,0.759,36642,0,814.1,21.7,4.86,0.62,157,2988,15360,406.1,132.7,3.02,0.63,26,2858,15489,408.0,139.4,3.05,0.59,24
1789698169.5,195727503360,195412942848,13598982144,0.689,42163,0,989.3,22.9,5.01,0.74,91,2963,18011,496.8,163.7,3.72,0.73,17,2875,18288,492.5,167.3,1024.07,0.72,18
1789698171.5,195757084672,195282309120,13598982144,0.717,39774,0,931.6,22.9,5.02,0.70,0,3337,16477,464.3,135.9,3.27,0.68,0,3331,16601,467.3,137.0,3.53,0.68,0
1789698173.5,195744804864,195280777216,13598982144,0.779,34547,0,766.9,21.7,5.12,0.64,0,2289,14824,383.1,163.5,3.63,0.58,0,2192,15242,383.8,171.0,3.70,0.57,0
1789698175.5,195755995136,195343106048,13598982144,0.608,41303,0,1104.5,26.1,7.24,0.78,7,2471,18266,553.4,218.7,5.58,0.76,4,2455,18111,551.1,219.2,5.42,0.76,3
1789698177.6,195765391360,195182366720,13598982144,0.845,29921,0,570.9,18.6,3.79,0.62,0,2288,12563,285.8,122.0,2.32,0.55,0,2221,12849,285.1,125.3,2.39,0.60,0
1789698179.6,195768205312,195238391808,13598982144,0.734,38853,0,862.3,21.7,4.50,0.69,0,3253,16214,430.7,129.3,3.00,0.64,0,3277,16110,431.6,128.6,3.08,0.67,0
1789698181.6,195707396096,195364143104,13598982144,0.870,33203,0,545.1,16.0,3.46,0.51,0,2256,14313,272.7,118.0,2.25,0.40,0,2182,14452,272.4,121.9,2.31,0.47,0
1789698183.6,195754590208,195394699264,13598982144,0.876,24607,0,453.7,18.0,3.28,0.38,0,2229,9997,229.2,100.4,1.93,0.54,0,2117,10265,224.6,103.6,2.03,0.36,0
1789698185.7,195702878208,195411566592,13598982144,0.875,22924,0,445.0,19.0,4.19,0.41,0,1769,9780,223.1,123.2,2.53,0.41,0,1672,9702,221.8,129.6,2.69,0.47,0
1789698187.7,195749711872,195497062400,13598982144,0.862,23550,0,473.9,19.7,3.85,0.46,359,1810,10119,237.9,128.4,2.55,0.46,19,1757,10017,236.0,131.2,2.63,0.40,26
1789698189.7,195753074688,195298394112,13598982144,0.672,39939,0,1003.7,24.5,5.30,0.80,0,3122,16782,502.5,157.2,3.72,0.71,0,2981,16900,501.1,164.2,3.87,0.77,0
1789698191.7,195726753792,195399372800,13598982144,0.885,30378,0,485.5,15.6,3.06,0.60,284,2331,12900,243.3,101.9,1.94,0.47,18,2276,12993,242.2,103.9,1.93,0.56,16
1789698193.7,195747168256,195386867712,13598982144,0.821,32890,0,643.9,19.1,4.44,0.59,159,2387,13838,322.3,131.8,2.72,0.50,11,2331,14280,321.6,134.7,2.76,0.54,8
1789698195.8,195720912896,195201499136,13598982144,0.859,35096,0,565.8,15.7,3.31,0.47,4,2755,14795,283.4,100.5,2.17,0.48,2,2675,14803,282.4,103.1,2.15,0.50,1
1789698197.8,195714076672,195116130304,13598982144,0.900,23114,0,392.5,16.6,3.01,0.44,100,2115,9281,196.6,90.8,1.91,0.55,17,2084,9663,195.9,91.8,1.99,0.47,21
1789698199.8,195741523968,195249459200,13598982144,0.839,29732,0,504.2,16.6,3.53,0.55,0,2439,12332,252.6,101.1,2.32,0.55,0,2539,12391,251.6,96.8,2.35,0.48,0
1789698201.9,195685695488,195105366016,13598982144,0.890,20103,0,361.9,17.6,3.23,0.37,0,1937,7992,181.0,91.3,2.32,0.41,0,1912,8262,180.9,92.4,2.54,0.37,0
1789698203.9,195743662080,195279806464,13598982144,0.793,28434,0,627.2,21.5,4.10,0.63,0,2884,11482,316.0,107.0,1018.99,0.61,0,2826,11242,311.2,107.6,3.30,0.47,0
1789698205.9,195743191040,195418275840,13598982144,0.803,34807,0,677.5,19.0,4.44,0.53,481,2553,14829,340.0,130.0,2.87,0.53,24,2492,15148,337.5,132.3,3.17,0.50,20
1789698207.9,195737292800,195453538304,13598982144,0.834,36397,0,633.4,17.0,3.82,0.57,0,2615,15332,316.7,118.3,2.61,0.53,0,2591,15643,316.7,119.3,2.83,0.50,0
1789698210.0,195737772032,195460259840,13598982144,0.850,38052,0,642.1,16.5,3.61,0.52,637,2980,16237,323.7,106.1,2.26,0.54,17,2828,16301,318.4,110.0,2.37,0.49,18
1789698212.0,195693645824,195351216128,13598982144,0.835,30147,0,594.1,19.2,4.26,0.55,0,2483,12477,298.7,117.5,2.76,0.43,0,2349,12541,295.4,122.8,2.76,0.44,0
1789698214.0,195694075904,195397738496,13598982144,0.813,34450,0,675.6,19.2,4.15,0.58,147,2692,14663,340.0,123.3,2.70,0.54,17,2508,14645,335.6,130.7,2.85,0.60,13
1789698216.1,195741331456,195297804288,13598982144,0.728,40261,0,856.6,20.8,4.42,0.67,526,3554,16803,431.3,118.5,3.13,0.64,23,3377,16708,425.3,123.0,3.29,0.64,20
1789698218.1,195750838272,195267432448,13598982144,0.763,34312,0,826.4,23.5,5.02,0.64,30,2835,14051,413.2,142.3,3.63,0.61,1,2897,14301,413.2,139.3,3.76,0.59,4
1789698220.1,195734011904,195405774848,13598982144,0.740,47466,0,988.8,20.3,4.95,0.76,2,3318,20257,495.2,145.7,3.60,0.72,1,3285,20593,493.6,146.7,3.75,0.76,1
1789698222.1,195743719424,195294261248,13598982144,0.692,41491,0,993.3,23.4,5.42,0.74,4,3097,17640,496.3,156.5,4.25,0.70,4,3083,17670,496.9,157.4,4.26,0.74,0
1789698224.1,195702419456,195279286272,13598982144,0.602,47138,0,1090.9,22.6,6.08,0.77,0,3431,19996,546.1,155.5,4.27,0.77,0,3382,20330,544.8,157.3,4.39,0.75,0
1789698226.2,195712114688,195226284032,13598982144,0.652,47043,0,1063.8,22.1,4.95,0.78,274,4612,19128,533.2,112.9,3.65,0.78,17,4599,18822,530.6,112.7,3.47,0.76,18
1789698228.2,195745812480,195168378880,13598982144,0.495,44678,0,1296.6,28.3,8.20,0.89,441,2984,19343,649.8,212.7,6.09,0.88,29,2971,19450,646.8,212.6,6.09,0.88,34
1789698230.2,195716337664,195296350208,13598982144,0.639,51793,0,1152.9,21.7,5.94,0.81,0,3330,22353,579.3,169.9,4.30,0.81,0,3295,22628,573.6,170.0,4.35,0.80,0
1789698232.2,195746553856,195016912896,13598982144,0.724,36148,0,739.4,20.0,4.62,0.63,0,3405,14666,373.2,107.0,3.39,0.56,0,3347,14730,366.2,106.9,3.38,0.54,0
1789698234.2,195743969280,195344363520,13598982144,0.715,41977,0,937.1,21.8,4.40,0.67,195,3782,17173,469.8,121.3,3.54,0.68,9,3754,17357,467.3,121.6,3.65,0.66,7
1789698236.3,195743588352,195236651008,13598982144,0.802,31709,0,672.3,20.7,4.06,0.52,0,3169,12477,336.5,103.7,3.29,0.55,0,3161,12813,335.8,103.7,3.28,0.48,0
1789698238.3,195714138112,195316514816,13598982144,0.683,44954,0,972.5,21.1,5.05,0.71,42,4126,18065,484.7,114.7,3.92,0.72,13,4108,18663,487.7,115.9,4.26,0.70,10
1789698240.3,195741720576,194946572288,13598982144,0.765,38566,0,796.3,20.2,4.85,0.62,454,3040,16267,399.3,128.3,3.54,0.59,14,2957,16507,397.2,131.2,3.59,0.57,7
1789698242.3,195728740352,195044909056,13598982144,0.826,30676,0,577.6,18.4,3.28,0.56,0,3366,11809,290.7,84.3,2.57,0.54,0,3317,11971,286.7,84.4,2.83,0.47,0
1789698244.4,195743764480,194948587520,13598982144,0.763,40498,0,826.5,19.9,4.51,0.67,0,3616,16350,414.2,111.9,3.83,0.60,0,3676,16857,412.2,109.5,3.78,0.64,0
1789698246.4,195730567168,195174641664,13598982144,0.768,42536,0,767.5,17.6,4.59,0.62,109,3233,17830,386.9,116.9,2.92,0.63,7,3050,18470,380.6,121.8,3.15,0.60,6
1789698248.4,195700408320,195405242368,13598982144,0.772,41454,0,807.3,19.0,3.74,0.63,844,4029,16868,404.7,98.1,2.91,0.59,25,3981,16921,402.6,98.7,3.24,0.60,26
1789698250.4,195730948096,195230171136,13598982144,0.763,43039,0,862.7,19.6,4.17,0.65,0,3792,17652,431.8,111.2,3.09,0.64,0,3663,17540,430.9,114.9,813.30,0.63,0
1789698252.5,195647934464,194991083520,13598982144,0.744,42727,0,842.0,19.2,4.34,0.64,0,3460,17791,422.3,119.2,3.21,0.62,0,3394,18082,419.7,120.8,3.42,0.64,0
1789698254.5,195726016512,195130486784,13598982144,0.804,43567,0,738.1,16.5,3.87,0.61,0,3324,18314,370.8,108.9,2.75,0.60,0,3284,18645,367.4,109.3,909.09,0.63,0
1789698256.5,195733442560,195252641792,13598982144,0.806,44556,0,790.0,17.3,3.98,0.60,0,3510,18567,395.4,110.0,2.88,0.58,0,3438,19041,394.6,112.1,3.07,0.59,0
1789698258.5,195728826368,195222450176,13598982144,0.755,47998,0,967.7,19.7,4.61,0.72,301,3490,20493,483.8,135.4,3.19,0.72,16,3425,20723,483.9,138.0,3.22,0.71,18
1789698260.5,195732606976,194941935616,13598982144,0.691,47557,0,988.4,20.3,5.62,0.73,90,3547,20073,495.5,136.4,3.80,0.70,22,3444,20390,492.9,139.8,3.92,0.70,9
1789698262.6,195730444288,195048394752,13598982144,0.706,41638,0,928.1,21.8,4.31,0.69,321,4477,16419,466.8,101.8,669.59,0.67,49,4353,16461,461.3,103.5,3.83,0.68,60
1789698264.6,195720888320,195003211776,13598982144,0.671,51922,0,1081.7,20.3,5.92,0.80,138,3437,22513,542.3,154.1,4.33,0.78,16,3444,22476,539.4,153.0,4.49,0.75,24
1789698266.6,195718795264,194979352576,13598982144,0.748,43262,0,858.3,19.4,4.17,0.67,10,3344,18109,431.1,125.9,3.28,0.66,3,3338,18423,427.2,125.0,3.40,0.63,7
1789698268.6,195715342336,195090964480,13598982144,0.717,42790,0,835.0,19.1,4.30,0.64,0,3798,17315,417.3,107.3,2.99,0.61,0,3767,17911,417.7,108.3,2.99,0.63,0
1789698270.7,195719262208,195193528320,13598982144,0.803,29182,0,599.9,20.1,3.36,0.53,7,3283,11278,301.3,89.6,2.71,0.50,4,3244,11377,298.6,89.9,2.89,0.47,3
1789698272.7,195714580480,194961076224,13598982144,0.848,32587,0,526.8,15.8,3.42,0.59,0,2861,13367,263.7,90.0,2.63,0.58,0,2785,13575,263.1,92.3,2.85,0.51,0
1789698274.7,195723366400,194952241152,13598982144,0.876,24868,0,436.8,17.2,3.32,0.61,0,2415,9956,218.8,88.5,2.49,0.56,0,2458,10039,218.0,86.6,2.74,0.55,0
1789698276.7,195703017472,194937556992,13598982144,0.825,35061,0,602.4,16.8,3.78,0.56,0,2649,14728,301.3,111.1,2.77,0.54,0,2558,15125,301.2,115.0,2.98,0.58,0
1789698278.8,195726168064,194988666880,13598982144,0.831,46250,0,723.3,15.3,3.89,0.56,5,3339,19784,362.1,105.9,2.50,0.55,3,3219,19909,361.1,109.6,2.61,0.58,2
1789698280.8,195622486016,194915385344,13598982144,0.784,44952,0,843.2,18.3,4.88,0.67,0,3010,19240,421.7,136.8,3.28,0.65,0,2957,19746,421.5,139.2,3.42,0.61,0
1789698282.8,195745136640,195763814400,13598982144,0.827,38213,0,603.8,15.4,3.80,0.59,0,2709,16332,303.2,109.3,1098.18,0.57,0,2625,16547,300.6,111.8,2.46,0.58,0
1789698284.8,196077588480,196091830272,13598982144,0.887,32262,0,499.2,15.1,3.11,0.45,0,2666,13437,251.5,92.1,1.98,0.39,0,2599,13560,247.7,93.1,1.98,0.44,0
1789698286.9,196158992384,195561185280,13598982144,0.879,33139,0,481.8,14.2,3.10,0.40,18,2451,14020,241.5,96.2,2.20,0.39,6,2388,14281,240.3,98.3,2.25,0.42,10
1789698288.9,196120002560,195688239104,13598982144,0.801,38966,0,713.0,17.9,3.78,0.60,117,3375,16054,355.7,102.9,2.71,0.55,17,3388,16188,357.4,103.0,2.91,0.57,17
1789698290.9,196081766400,195793567744,13598982144,0.834,42720,0,725.2,16.6,3.93,0.56,0,3075,18085,362.6,115.2,2.89,0.56,0,3084,18436,362.6,114.8,2.84,0.52,0
1789698292.9,196114116608,195362951168,13598982144,0.844,35764,0,593.4,16.2,3.53,0.59,2,2774,15111,299.1,105.3,2.54,0.57,0,2832,15048,294.4,101.5,2.83,0.58,1
1789698295.0,196097519616,195618328576,13598982144,0.800,38854,0,702.9,17.7,3.63,0.56,0,3434,15916,350.9,99.8,2.87,0.55,0,3388,16116,352.0,101.5,2.84,0.56,0
1789698297.0,196036648960,195553148928,13598982144,0.746,43763,0,898.4,20.0,4.82,0.66,560,3789,18210,448.1,115.5,3.26,0.66,23,3701,18319,450.3,118.8,3.28,0.65,18
1789698299.0,196072296448,195523874816,13598982144,0.814,38633,0,662.1,16.7,3.98,0.52,0,2906,16335,333.8,112.2,2.54,0.50,0,2912,16224,328.3,110.1,2.55,0.51,0
1789698301.0,196070010880,195396468736,13598982144,0.863,29367,0,583.8,19.4,3.85,0.47,18,2489,12278,295.1,115.7,2.70,0.51,6,2438,12164,288.7,115.6,2.73,0.43,6
1789698303.1,196032606208,195420004352,13598982144,0.805,46319,0,857.3,18.1,4.56,0.66,256,3097,20009,427.8,134.9,3.20,0.65,24,3094,20220,429.5,135.6,3.23,0.65,18
1789698305.1,196046946304,195437748224,13598982144,0.716,42031,0,899.8,20.9,4.96,0.69,0,3436,17342,451.1,128.2,3.24,0.69,0,3425,17722,448.7,127.9,3.21,0.68,0
1789698307.1,196046213120,195737600000,13598982144,0.836,30492,0,586.4,18.8,3.33,0.52,0,2951,12251,296.2,98.0,1017.76,0.52,0,2833,12458,290.2,100.0,2.43,0.48,0
1789698309.1,196033916928,195651575808,13598982144,0.767,47994,0,875.8,17.8,4.29,0.65,0,3787,20103,437.1,112.7,2.94,0.65,0,3699,20405,438.7,115.8,2.97,0.67,0
1789698311.2,196017160192,195311071232,13598982144,0.760,42281,0,852.4,19.7,4.34,0.66,5,3580,17462,426.9,116.5,3.13,0.66,4,3573,17667,425.5,116.3,3.23,0.68,0
1789698313.2,196021723136,195613913088,13598982144,0.763,44441,0,900.4,19.8,4.68,0.67,285,3164,19142,451.6,139.4,3.10,0.66,24,3131,19115,448.8,140.0,3.17,0.65,38
1789698315.2,196016738304,195620765696,13598982144,0.786,40643,0,781.4,18.8,3.81,0.67,535,3417,16860,392.6,112.2,2.89,0.57,30,3370,17120,388.8,112.7,2.94,0.59,30
1789698317.2,195973881856,195399495680,13598982144,0.740,35998,0,772.9,21.0,4.52,0.60,194,3268,14631,387.0,115.7,3.32,0.59,20,3258,14675,385.9,115.7,3.52,0.66,35
1789698319.2,196001415168,195389108224,13598982144,0.761,38982,0,805.7,20.2,3.84,0.64,0,3639,15639,403.1,108.2,2.85,0.64,0,3663,15972,402.7,107.4,2.93,0.63,0
1789698321.3,196001746944,195481223168,13598982144,0.692,46502,0,981.8,20.6,4.99,0.72,52,3842,19360,493.3,125.4,3.58,0.72,3,3813,19496,488.4,125.1,3.83,0.72,28
1789698323.3,195977089024,195352100864,13598982144,0.797,42533,0,785.6,18.0,3.80,0.62,0,3548,17374,391.2,107.7,2.77,0.58,0,3543,18058,394.3,108.7,2.87,0.62,0
1789698325.3,195975553024,195433320448,13598982144,0.823,38523,0,701.5,17.8,3.56,0.62,307,3493,15706,352.0,98.4,2.57,0.62,19,3408,16050,349.5,100.1,2.67,0.54,16
1789698327.3,196008820736,195602018304,13598982144,0.785,39573,0,743.4,18.3,3.94,0.58,134,3328,16407,373.5,109.6,2.81,0.56,3,3402,16365,369.9,106.2,3.01,0.57,4
1789698329.3,196007084032,195460976640,13598982144,0.842,32396,0,582.4,17.6,3.20,0.52,0,3090,13163,291.6,92.2,2.26,0.55,0,3076,13005,290.8,92.3,2.44,0.49,0
1789698331.4,195901108224,195263561728,13598982144,0.876,29110,0,503.5,16.9,2.90,0.56,0,3039,11549,253.0,81.3,991.13,0.50,0,2923,11599,250.5,83.7,2.25,0.50,0
1789698333.4,195987386368,195627573248,13598982144,0.825,34735,0,651.6,18.3,3.64,0.56,0,3066,14366,328.7,104.7,2.80,0.56,0,2978,14324,322.9,105.9,2.99,0.62,0
1789698335.4,195993743360,195256365056,13598982144,0.827,36542,0,654.4,17.5,3.54,0.58,439,3195,15381,328.2,100.3,2.65,0.59,20,3091,15075,326.3,103.1,2.61,0.51,17
1789698337.4,195942252544,195347410944,13598982144,0.867,32085,0,518.4,15.8,3.22,0.49,381,2615,13103,256.8,95.9,2.34,0.42,18,2606,13734,261.6,98.0,2.44,0.56,13
1789698339.5,195975823360,195522752512,13598982144,0.787,40848,0,745.7,17.8,3.87,0.58,0,3909,16318,373.9,93.4,2.87,0.64,0,3745,16705,371.8,96.9,2.95,0.61,0
1789698341.5,195974844416,195327873024,13598982144,0.703,44361,0,986.7,21.7,4.66,0.73,381,3865,18175,493.1,124.6,3.54,0.72,19,3856,18634,493.6,125.0,786.89,0.71,20
1789698343.5,195967287296,195502145536,13598982144,0.787,38864,0,753.7,18.9,3.83,0.59,321,3685,15773,378.0,100.2,2.79,0.56,14,3545,15837,375.6,103.5,2.94,0.55,14
1789698345.5,195951796224,195441197056,13598982144,0.775,31746,0,630.7,19.4,3.75,0.55,0,3345,12469,316.3,92.4,2.94,0.51,0,3328,12459,314.3,92.2,3.07,0.50,0
1789698347.5,195971670016,195609124864,13598982144,0.755,36914,0,781.5,20.7,4.13,0.60,198,3355,15075,392.4,114.2,3.24,0.59,15,3263,15304,389.1,116.5,3.19,0.57,15
1789698349.6,195958444032,195370147840,13598982144,0.809,33679,0,652.0,18.9,3.94,0.54,9,3012,13804,327.7,106.3,2.66,0.53,4,2997,13785,324.3,105.7,2.85,0.51,4
1789698351.6,195889721344,195363561472,13598982144,0.805,36168,0,683.5,18.5,3.50,0.56,0,3202,14828,343.2,104.7,2.43,0.53,0,3162,14976,340.4,105.1,2.52,0.53,0
1789698353.6,195886354432,195241844736,13598982144,0.826,29924,0,559.3,18.3,3.73,0.51,0,2751,12170,278.9,99.0,2.37,0.56,0,2671,12331,280.3,102.5,2.60,0.46,0
1789698355.7,195897647104,195487481856,13598982144,0.797,29377,0,586.5,19.5,3.92,0.50,8,3230,11419,295.4,89.3,2.74,0.51,0,3206,11523,291.0,88.7,2.91,0.52,7
1789698357.7,195895902208,195478175744,13598982144,0.795,34190,0,638.0,18.2,3.82,0.59,455,3168,13865,320.2,98.7,2.53,0.54,60,3092,14229,317.7,100.3,2.76,0.55,58
1789698359.7,195834249216,195326267392,13598982144,0.807,33702,0,589.4,17.1,3.64,0.51,0,2794,13975,295.8,103.4,2.70,0.54,0,2701,14067,293.7,106.2,2.88,0.51,0
1789698361.7,195840794624,195369435136,13598982144,0.716,40921,0,891.7,21.3,4.41,0.69,78,3973,16459,446.6,109.8,3.29,0.70,14,3878,16633,445.1,112.1,3.63,0.65,19
1789698363.8,195887558656,195244736512,13598982144,0.705,44775,0,965.8,21.1,4.58,0.72,0,3748,18799,484.8,126.3,3.50,0.69,0,3609,18598,481.0,130.1,3.64,0.72,0
1789698365.8,195846574080,195030986752,13598982144,0.587,43091,0,1054.4,23.9,5.85,0.76,0,3850,17655,527.5,133.8,790.72,0.75,0,3818,17768,526.9,134.8,4.79,0.75,0
1789698367.8,195877572608,195577425920,13598982144,0.802,44268,0,695.6,15.3,3.41,0.58,341,3500,18562,347.8,97.1,2.27,0.56,49,3589,18737,347.8,94.6,2.36,0.59,49
1789698369.8,195868377088,195356426240,13598982144,0.735,37407,0,776.5,20.3,4.77,0.57,283,3192,15440,388.2,118.7,3.72,0.58,23,3118,15657,388.3,121.6,3.99,0.57,16
1789698371.9,195877601280,195446272000,13598982144,0.687,40291,0,911.3,22.1,4.41,0.68,80,3685,16475,459.6,121.8,3.26,0.67,14,3668,16368,451.7,120.3,3.42,0.65,15
1789698373.9,195845476352,195313074176,13598982144,0.724,40031,0,786.4,19.2,4.63,0.60,49,3257,16861,395.7,118.6,933.20,0.59,23,3125,16765,390.7,122.1,3.44,0.58,20
1789698375.9,195877330944,195204964352,13598982144,0.566,49168,0,1070.5,21.3,5.70,0.77,178,3767,20733,534.1,138.5,4.09,0.76,12,3808,20929,536.4,137.6,4.44,0.76,22
1789698377.9,195870629888,195340709888,13598982144,0.784,37663,0,714.6,18.5,4.12,0.54,518,3203,15601,356.8,108.8,2.86,0.56,12,3158,15870,357.7,110.6,3.10,0.53,16
1789698379.9,195864043520,195363561472,13598982144,0.691,41792,0,883.2,20.6,5.03,0.66,190,3384,17434,444.2,128.2,3.70,0.64,19,3320,17487,439.0,129.1,3.96,0.64,21
1789698382.0,195868794880,195449561088,13598982144,0.793,42202,0,709.8,16.4,3.93,0.60,0,3122,17625,354.8,111.0,2.63,0.56,0,3064,18317,355.0,113.1,2.77,0.54,0
1789698384.0,195857063936,195441479680,13598982144,0.722,38301,0,859.8,21.9,4.49,0.67,520,3206,15749,428.4,130.5,3.60,0.68,8,3180,16416,431.4,132.5,3.86,0.62,7
1789698386.0,195862671360,195392139264,13598982144,0.836,38290,0,634.3,16.2,3.24,0.53,267,3326,15612,316.6,93.0,2.18,0.54,7,3327,15895,317.7,93.2,2.31,0.52,17
1789698388.0,195848093696,195437174784,13598982144,0.895,28391,0,453.9,15.6,2.73,0.38,0,2833,11173,228.4,78.7,1.98,0.36,0,2796,11469,225.5,78.7,2.14,0.34,0
1789698390.1,195856912384,195308752896,13598982144,0.814,31982,0,586.1,17.9,3.42,0.57,0,3221,12709,294.2,89.2,2.52,0.54,0,3206,12847,291.9,88.9,2.66,0.45,0
1789698392.1,195803254784,195449110528,13598982144,0.773,35336,0,715.1,19.8,3.96,0.57,0,3466,14043,357.9,100.9,2.77,0.58,0,3439,14389,357.2,101.4,3.20,0.55,0
1789698394.1,195777847296,195208085504,13598982144,0.814,24192,0,508.1,20.5,3.28,0.46,440,3088,9217,256.8,81.2,2.82,0.45,59,3003,9038,251.4,81.8,2.90,0.57,60
1789698396.1,195864715264,195904581632,13598982144,0.853,30718,0,580.2,18.4,3.39,0.50,182,3039,12296,292.3,93.9,2.55,0.46,17,2928,12374,287.9,96.0,2.76,0.47,17
1789698398.2,195849953280,195459313664,13598982144,0.784,38679,0,769.2,19.4,3.77,0.62,0,3983,15124,386.1,94.7,751.80,0.62,0,3962,15539,383.1,94.4,2.87,0.58,0
1789698400.2,195860598784,195295555584,13598982144,0.737,48611,0,970.9,19.5,4.42,0.72,876,4247,20160,486.8,112.0,3.16,0.70,18,4225,20394,484.1,111.9,3.32,0.71,20
1789698402.2,195814178816,195039899648,13598982144,0.724,50165,0,953.1,18.6,4.45,0.72,0,3914,20825,478.2,119.3,3.26,0.68,0,3895,21118,474.9,119.1,3.35,0.70,0
1789698404.3,195866963968,195517284352,13598982144,0.792,41083,0,794.1,18.9,3.79,0.65,160,3758,16715,397.0,103.2,2.58,0.61,3,3724,16962,397.1,104.1,2.79,0.61,2
1789698406.3,195861217280,195505639424,13598982144,0.810,45321,0,743.1,16.0,3.51,0.61,476,3713,18939,372.7,98.0,2.39,0.56,16,3666,19145,370.4,98.7,2.43,0.59,17
1789698408.3,195868811264,195233439744,13598982144,0.759,39187,0,805.2,20.1,3.97,0.63,260,3864,15598,404.0,102.1,3.07,0.61,18,3823,15793,401.2,102.5,3.16,0.61,21
1789698410.3,195879051264,195320025088,13598982144,0.826,35047,0,663.6,18.5,3.52,0.57,370,3153,14346,334.7,103.7,2.33,0.53,17,3064,14540,329.0,104.9,2.33,0.53,17
1789698412.3,195879464960,195277701120,13598982144,0.878,30281,0,500.8,16.1,2.97,0.44,0,2864,12122,250.8,85.5,2.04,0.47,0,2884,12246,249.9,84.6,2.06,0.51,0
1789698414.4,195906883584,195968524288,13598982144,0.853,28488,0,523.5,17.9,3.26,0.54,0,2676,11610,264.5,96.5,2.18,0.55,0,2618,11585,259.0,96.6,2.37,0.48,0
1789698416.4,196028694528,196091019264,13598982144,0.800,44363,0,752.1,16.6,3.79,0.61,0,3803,18244,376.8,96.7,2.43,0.57,0,3747,18569,375.3,97.8,2.60,0.58,0
1789698418.5,196007571456,195806490624,13598982144,0.875,34312,0,513.0,14.6,3.26,0.43,0,2646,14311,256.2,94.5,2.24,0.44,0,2620,14735,256.9,95.8,2.29,0.44,0
1789698420.5,195996921856,195513643008,13598982144,0.867,26099,0,490.3,18.3,3.44,0.47,0,2457,10530,245.6,97.6,2.22,0.54,0,2447,10666,244.7,97.7,2.26,0.42,0
1789698422.5,196001837056,195614437376,13598982144,0.779,46104,0,920.6,19.5,4.10,0.70,0,3849,19161,460.7,116.9,3.11,0.72,0,3805,19289,459.9,118.0,3.03,0.70,0
1789698424.6,196004827136,195635785728,13598982144,0.762,42947,0,890.2,20.2,4.10,0.68,0,3941,17476,445.4,110.4,2.85,0.66,0,3930,17601,444.8,110.5,2.98,0.66,0
1789698426.6,196007067648,195506307072,13598982144,0.765,40024,0,752.6,18.4,4.58,0.56,232,3088,17001,377.7,119.4,3.11,0.57,34,3013,17004,375.0,121.5,3.29,0.61,32
1789698428.6,195936079872,195111211008,13598982144,0.828,30570,0,620.5,19.8,4.10,0.56,215,2575,12502,310.1,117.6,2.82,0.54,15,2576,12926,310.5,117.7,2.93,0.49,17
1789698430.6,195961208832,195356696576,13598982144,0.876,30485,0,496.9,15.9,2.65,0.53,744,3155,12118,248.0,76.8,1.69,0.49,18,3071,12401,248.9,79.2,1.78,0.47,17
1789698432.7,195953897472,195483668480,13598982144,0.786,39250,0,742.2,18.5,3.74,0.60,602,3553,16115,372.1,102.3,2.50,0.60,60,3502,15969,370.1,103.2,2.67,0.56,58
1789698434.7,195897159680,195475423232,13598982144,0.734,41447,0,865.2,20.4,4.41,0.69,192,3746,16881,432.5,112.8,3.16,0.68,18,3705,16951,432.7,114.0,3.20,0.67,22
1789698436.7,195942854656,195358175232,13598982144,0.850,36372,0,589.6,15.8,2.83,0.53,437,3353,14801,296.7,86.4,915.72,0.54,26,3255,15071,292.9,87.9,2.22,0.48,41
1789698438.7,195945922560,195404980224,13598982144,0.754,35783,0,735.9,20.1,3.98,0.61,0,3591,14342,368.0,100.1,3.16,0.56,0,3540,14128,367.8,101.5,3.27,0.59,0
1789698440.7,195893415936,195298222080,13598982144,0.719,45486,0,962.4,20.7,4.67,0.72,330,4031,18697,481.9,116.7,3.59,0.70,19,3903,18997,480.5,120.2,3.69,0.69,24
1789698442.8,195926499328,195311448064,13598982144,0.773,41096,0,802.7,19.1,4.27,0.61,0,3273,17121,401.1,119.7,3.12,0.60,0,3263,17298,401.6,120.2,3.21,0.61,0
1789698444.8,195786067968,195126849536,13598982144,0.858,34387,0,591.1,16.8,3.64,0.49,0,2689,14606,297.7,108.1,2.55,0.48,0,2666,14426,293.4,107.5,2.65,0.44,0
1789698446.8,195721072640,195163234304,13598982144,0.835,39046,0,666.7,16.7,3.48,0.54,116,3044,16531,334.8,107.4,2.52,0.53,1,3043,16478,332.1,106.6,2.54,0.51,12
1789698448.8,195711950848,195079720960,13598982144,0.825,31004,0,606.7,19.1,3.46,0.53,0,3197,12270,302.4,92.3,2.22,0.50,0,3131,12356,304.2,94.9,2.21,0.50,0
1789698450.8,195712270336,195336409088,13598982144,0.847,34395,0,595.2,16.9,3.23,0.54,0,2877,13956,295.8,100.4,2.22,0.57,0,2930,14632,299.4,99.8,2.22,0.49,0
1789698452.9,195690287104,195051704320,13598982144,0.871,28640,0,477.8,16.3,3.87,0.49,0,2118,12029,239.6,110.5,2.46,0.46,0,2098,12395,238.2,110.9,2.46,0.42,0
1789698454.9,195694792704,195220725760,13598982144,0.745,50770,0,955.6,18.4,4.92,0.72,402,3397,21882,477.0,137.1,3.39,0.69,35,3383,22273,478.6,138.2,3.55,0.69,34
1789698456.9,195688345600,195258789888,13598982144,0.832,36702,0,672.6,17.9,3.69,0.61,9,3086,15056,337.2,106.7,2.39,0.55,4,2967,15428,335.4,110.4,2.34,0.51,5
1789698458.9,195701161984,195010895872,13598982144,0.772,38311,0,750.0,19.1,4.14,0.64,0,3212,15796,375.9,114.3,960.59,0.58,0,3153,16151,374.1,115.9,2.75,0.59,0
1789698461.0,195696635904,195229777920,13598982144,0.848,28297,0,540.3,18.6,3.30,0.55,440,2633,11714,271.3,100.6,2.35,0.53,28,2606,11536,269.0,100.8,2.54,0.45,27
1789698463.0,195630686208,195231989760,13598982144,0.816,36308,0,661.0,17.8,4.34,0.54,0,2900,15028,329.5,111.0,2.87,0.56,0,2830,15359,331.5,114.4,3.00,0.53,0
1789698465.0,195669078016,195199135744,13598982144,0.872,28709,0,481.4,16.4,2.70,0.50,2,2947,11307,239.3,79.3,1.97,0.50,1,2903,11552,242.2,81.5,1.97,0.46,1
1789698467.1,195690569728,195134525440,13598982144,0.793,40179,0,685.8,16.7,3.43,0.55,0,3270,16708,342.2,102.2,943.38,0.56,0,3269,16932,343.6,102.7,2.25,0.57,0
1789698469.1,195603832832,195182514176,13598982144,0.854,33760,0,591.5,17.1,3.47,0.61,0,3063,13772,296.2,94.4,2.06,0.57,0,3041,13884,295.3,94.8,2.06,0.57,0
1789698471.1,195691978752,195071447040,13598982144,0.856,34097,0,541.1,15.5,3.74,0.50,135,2398,14703,271.4,110.6,2.35,0.47,7,2346,14706,269.7,112.2,2.40,0.53,16
1789698473.1,195620634624,195205689344,13598982144,0.774,32877,0,724.5,21.5,5.39,0.58,0,2349,13817,362.2,150.6,3.52,0.52,0,2327,14328,362.4,152.0,3.64,0.59,0
1789698475.2,195707662336,195274342400,13598982144,0.866,33461,0,545.2,15.9,3.37,0.58,871,2544,14469,273.3,104.9,2.19,0.49,42,2473,14359,272.0,107.4,2.28,0.44,43
1789698477.2,195709370368,195237134336,13598982144,0.849,34542,0,561.0,15.9,3.37,0.50,0,2724,14162,279.2,100.1,2.10,0.54,0,2670,14596,281.8,103.0,2.14,0.45,0
1789698479.2,195709857792,195250728960,13598982144,0.874,36049,0,518.9,14.1,2.77,0.52,0,2961,14866,259.3,85.5,1.77,0.41,0,2992,15231,259.6,84.7,1.83,0.52,0
1789698481.3,195706888192,195217842176,13598982144,0.771,43511,0,775.9,17.4,4.42,0.63,414,3239,18259,386.5,116.5,2.74,0.60,17,3243,18956,389.4,117.3,945.38,0.64,18
1789698483.3,195707645952,195312775168,13598982144,0.805,39863,0,705.2,17.3,4.13,0.59,200,2884,16871,353.0,119.5,2.74,0.56,17,2933,17069,352.2,117.3,2.71,0.58,16
1789698485.3,195701391360,194901569536,13598982144,0.814,43720,0,672.5,15.0,4.08,0.55,0,2867,18782,337.9,115.1,2.47,0.54,0,2835,19153,334.6,115.2,2.55,0.52,0
1789698487.4,195698081792,195333722112,13598982144,0.837,35997,0,643.2,17.4,3.03,0.58,0,3368,14554,322.4,93.5,1.99,0.55,0,3277,14798,320.8,95.6,2.08,0.51,0
1789698489.4,195709804544,195226206208,13598982144,0.792,38606,0,688.9,17.4,4.27,0.57,0,2731,16457,345.1,123.4,2.81,0.56,0,2686,16732,343.8,125.0,1147.76,0.53,0
1789698491.4,195690991616,195157872640,13598982144,0.861,37042,0,534.6,14.1,3.33,0.48,0,2876,15359,265.3,90.1,1.95,0.45,0,2905,15902,269.4,90.6,1.98,0.45,0
1789698493.4,195701129216,195230801920,13598982144,0.840,35608,0,568.2,15.6,3.33,0.57,82,3197,14602,284.7,86.9,2.08,0.59,10,3163,14671,283.5,87.5,2.14,0.55,22
1789698495.5,195707174912,195118112768,13598982144,0.819,40677,0,661.9,15.9,3.64,0.55,0,2769,17464,330.7,116.6,2.60,0.53,0,2795,17625,331.1,115.7,2.61,0.51,0
1789698497.5,195655741440,194952044544,13598982144,0.708,43517,0,900.3,20.2,4.67,0.66,1304,3479,18501,450.7,126.5,3.25,0.66,24,3516,18642,449.6,124.9,3.39,0.67,27
1789698499.5,195661049856,195056877568,13598982144,0.834,36099,0,615.9,16.7,3.85,0.58,262,2848,15093,311.2,106.7,2.35,0.49,10,2702,14956,304.7,110.1,2.45,0.50,10
1789698501.5,195704770560,195006160896,13598982144,0.864,35388,0,534.7,14.8,3.34,0.52,88,2893,14727,267.4,90.3,1072.43,0.51,9,2849,14832,267.4,91.6,2.06,0.47,14
1789698503.5,195603062784,195264233472,13598982144,0.785,51067,0,899.4,17.2,4.28,0.67,108,3372,21971,448.4,129.9,921.45,0.66,19,3334,22390,451.0,132.1,2.97,0.67,22
1789698505.6,195691896832,194974998528,13598982144,0.808,49024,0,775.3,15.4,4.11,0.65,546,3103,21299,388.1,122.1,2.73,0.61,17,3095,21745,387.2,122.2,2.74,0.63,22
1789698507.6,195694829568,195075100672,13598982144,0.739,49188,0,917.5,18.2,4.75,0.69,0,3107,21381,458.8,144.2,3.19,0.66,0,3059,21390,458.7,146.4,3.27,0.68,0
1789698509.6,195678842880,195019124736,13598982144,0.746,45686,0,842.0,18.0,4.53,0.63,4,3085,19704,421.8,133.5,2.84,0.62,1,3053,19844,420.1,134.4,2.99,0.64,3
1789698511.6,195671379968,194931326976,13598982144,0.795,38377,0,686.1,17.5,3.96,0.55,292,2752,16465,342.0,121.4,2.77,0.53,19,2795,16489,344.0,120.2,2.77,0.54,22
1789698513.7,195689566208,194942443520,13598982144,0.899,22952,0,338.1,14.4,3.28,0.52,0,1619,9745,168.1,101.4,2.17,0.43,0,1697,9768,170.0,97.8,2.11,0.52,0
1789698515.7,195693588480,194915577856,13598982144,0.830,39279,0,646.8,16.1,4.14,0.53,0,2545,17009,323.8,124.2,2.59,0.51,0,2628,17097,323.0,120.1,2.65,0.52,0
1789698517.7,195685646336,195075207168,13598982144,0.869,38269,0,527.8,13.5,3.42,0.52,0,2607,16335,264.9,99.2,2.18,0.49,0,2582,16746,262.9,99.5,2.18,0.50,0
1789698519.8,195691331584,195038576640,13598982144,0.781,43010,0,733.5,16.7,4.09,0.60,127,3014,18555,367.3,119.0,2.80,0.56,18,3004,18486,366.3,119.1,2.83,0.61,12
1789698521.8,195690315776,194738610176,13598982144,0.823,41318,0,616.0,14.6,3.49,0.62,0,3061,17457,306.6,97.8,2.34,0.58,0,2990,17762,309.4,101.0,2.34,0.57,0
1789698523.8,195678519296,194853773312,13598982144,0.898,20878,0,374.6,17.5,3.70,0.51,0,1625,8819,187.6,112.7,2.39,0.50,0,1611,8823,186.9,113.3,2.50,0.41,0
1789698525.9,195654897664,195199750144,13598982144,0.868,35051,0,515.2,14.4,3.12,0.55,30,2646,14798,256.6,94.7,1.97,0.43,12,2713,14894,258.6,93.1,1.96,0.45,17
1789698527.9,195645796352,194887958528,13598982144,0.762,40637,0,780.1,18.7,4.72,0.59,367,2787,17627,389.9,136.6,3.08,0.63,17,2726,17660,390.2,139.8,3.19,0.58,18
1789698529.9,195674918912,195174924288,13598982144,0.828,48719,0,732.8,14.7,3.47,0.64,11,3194,21082,366.7,112.1,2.38,0.60,6,3132,21147,366.1,114.1,2.46,0.62,5
1789698531.9,195684257792,195671588864,13598982144,0.853,33400,0,534.3,15.6,3.31,0.61,3,2461,14212,267.3,106.0,2.11,0.48,0,2513,14214,267.0,103.8,2.18,0.48,2
1789698534.0,195779198976,195347685376,13598982144,0.915,23877,0,345.1,14.1,3.08,0.34,0,1683,10115,173.0,100.4,1.92,0.36,0,1700,10379,172.1,98.9,1.89,0.34,0
1789698536.0,195757297664,195168145408,13598982144,0.808,44135,0,726.2,16.1,3.79,0.57,338,3249,18958,362.7,109.0,2.75,0.56,3,3251,18839,363.5,109.2,2.64,0.55,6
1789698538.0,195719028736,195409215488,13598982144,0.919,24193,0,325.4,13.1,3.00,0.54,0,1748,10194,163.0,91.1,1.81,0.43,0,1706,10383,162.4,93.0,1.86,0.40,0
1789698540.1,195772387328,195110412288,13598982144,0.881,33063,0,502.7,14.8,3.57,0.47,199,2298,14241,251.1,106.7,1357.86,0.42,17,2300,14306,251.6,106.8,1356.64,0.48,19
1789698542.1,195748950016,195178311680,13598982144,0.908,25861,0,391.8,14.8,3.42,0.53,299,2008,10975,195.5,95.1,1554.03,0.44,5,1941,11002,196.3,98.8,1607.05,0.45,2
1789698544.1,195763351552,195122933760,13598982144,0.873,27350,0,445.5,15.9,3.24,0.58,0,2237,11147,222.2,97.0,2.13,0.44,0,2214,11608,223.3,98.5,2.21,0.40,0
1789698546.1,195773284352,195213492224,13598982144,0.854,42812,0,675.9,15.4,3.47,0.60,0,3135,18085,338.0,105.3,2.20,0.53,0,3100,18491,337.9,106.4,2.23,0.58,0
1789698548.2,195760566272,195134410752,13598982144,0.853,41281,0,613.6,14.5,3.66,0.54,238,2787,17957,307.5,107.8,2.39,0.62,7,2767,17880,306.1,108.0,2.35,0.51,7
1789698550.2,195774582784,195130245120,13598982144,0.875,36725,0,561.7,14.9,2.97,0.52,122,3047,15252,279.0,89.4,1.93,0.54,7,3093,15276,282.7,89.3,1.96,0.46,7
1789698552.2,195757572096,195179151360,13598982144,0.800,52241,0,837.7,15.7,3.70,0.68,101,3798,22315,420.4,108.1,2.42,0.66,18,3678,22429,417.2,110.8,2.45,0.66,19
1789698554.2,195756470272,195098492928,13598982144,0.828,44681,0,712.0,15.6,3.90,0.58,297,3162,19276,354.2,109.4,2.45,0.62,22,3164,19174,357.8,110.4,2.45,0.58,17
1789698556.3,195757613056,195284623360,13598982144,0.800,48746,0,912.6,18.3,4.23,0.74,4,3907,20285,456.7,114.1,3.01,0.72,4,3911,20515,455.9,113.8,3.04,0.66,0
1789698558.3,195730014208,194886733824,13598982144,0.804,44931,0,795.3,17.3,4.12,0.66,10,3104,19396,398.5,125.4,2.93,0.62,2,3050,19382,396.8,127.1,2.94,0.66,7
1789698560.3,195722989568,195185352704,13598982144,0.787,45499,0,802.4,17.2,4.18,0.65,0,3347,19262,399.9,116.7,2.85,0.62,0,3344,19546,402.6,117.6,2.95,0.65,0
1789698562.3,195726065664,195263086592,13598982144,0.774,49932,0,855.0,16.7,3.87,0.69,312,3751,21208,426.0,110.9,2.75,0.69,33,3750,21338,429.0,111.7,2.72,0.66,47
1789698564.4,195751419904,195401879552,13598982144,0.808,53036,0,867.5,16.0,3.82,0.67,0,3925,22572,434.3,108.0,2.43,0.68,0,3970,22453,433.3,106.6,2.58,0.68,0
1789698566.4,195706888192,195265974272,13598982144,0.762,42414,0,784.9,18.1,4.51,0.66,0,3077,18173,394.1,125.1,1020.02,0.62,0,2973,18191,390.8,128.4,3.51,0.63,0
1789698568.4,195735244800,195220979712,13598982144,0.736,52777,0,1024.8,19.0,4.89,0.78,378,4042,22439,512.1,123.7,3.32,0.75,11,4018,22453,512.7,124.6,3.46,0.76,13
1789698570.4,195750830080,195314872320,13598982144,0.775,52489,0,900.4,16.8,3.86,0.71,0,4416,21612,448.8,99.2,2.66,0.68,0,4394,21892,451.6,100.4,2.68,0.71,0
1789698572.5,195734364160,195204571136,13598982144,0.798,45832,0,818.0,17.4,4.27,0.69,0,3399,19304,409.6,117.7,3.11,0.68,0,3410,19720,408.4,117.0,3.12,0.62,0
1789698574.5,195748970496,195205271552,13598982144,0.837,38204,0,648.2,16.6,3.35,0.68,25,3382,15550,325.6,94.0,2.39,0.56,16,3350,15924,322.6,94.0,2.41,0.58,4
1789698576.5,195751641088,195399819264,13598982144,0.777,43454,0,755.1,17.0,3.70,0.62,0,3515,18096,378.0,105.0,2.56,0.62,0,3491,18350,377.1,105.5,2.53,0.57,0
1789698578.6,195746185216,195308957696,13598982144,0.837,38399,0,603.5,15.3,3.83,0.59,315,2601,16534,302.7,113.6,2.51,0.56,13,2594,16805,300.8,113.2,2.46,0.50,24
1789698580.6,195750973440,195225128960,13598982144,0.904,27587,0,394.0,13.9,3.18,0.49,0,2154,11541,197.1,89.4,1.97,0.44,0,2021,11734,196.9,95.1,2.04,0.47,0
1789698582.6,195752828928,195379990528,13598982144,0.827,53742,0,732.9,13.3,3.52,0.60,0,3671,23104,367.8,97.8,2.36,0.57,0,3650,23317,365.1,97.7,2.30,0.59,0
1789698584.6,195748626432,195047407616,13598982144,0.826,45195,0,685.1,14.8,3.59,0.55,0,3277,19088,341.9,101.9,2.37,0.54,0,3288,19541,343.2,101.9,2.44,0.55,0
1789698586.7,195743694848,195363958784,13598982144,0.707,57026,0,1044.5,17.9,4.62,0.78,5,4107,24137,522.4,124.2,3.48,0.75,1,4094,24687,522.2,124.6,3.51,0.76,4
1789698588.7,195730481152,195212738560,13598982144,0.834,36602,0,582.7,15.5,3.57,0.56,408,2767,15606,292.2,103.1,2.33,0.47,9,2778,15643,290.5,102.1,2.39,0.56,12
1789698590.7,195698020352,195268534272,13598982144,0.880,30274,0,444.2,14.3,3.41,0.51,0,2252,12775,220.6,95.7,2.32,0.42,0,2283,12773,223.6,95.6,2.29,0.35,0
1789698592.7,195746627584,195187884032,13598982144,0.827,40885,0,683.8,16.3,3.68,0.61,637,3331,17096,342.9,100.5,2.47,0.60,22,3224,17522,340.9,103.3,2.62,0.53,28
1789698594.8,195699556352,194847490048,13598982144,0.747,44674,0,839.2,18.3,4.49,0.63,15,3225,18941,419.7,127.1,3.10,0.62,7,3315,18904,419.5,123.6,3.04,0.61,7
1789698596.8,195720642560,195194912768,13598982144,0.851,38709,0,597.5,15.1,3.39,0.49,690,2851,16655,299.5,102.6,2.43,0.47,17,2881,16647,298.1,101.0,2.42,0.48,16
1789698598.8,195754975232,195276144640,13598982144,0.813,43560,0,700.5,15.7,3.59,0.57,0,3840,17495,349.8,88.9,2.58,0.59,0,3828,18072,350.7,89.5,2.47,0.53,0
1789698600.8,195707854848,195100745728,13598982144,0.751,43746,0,845.3,18.9,4.66,0.68,0,3352,18337,422.1,123.0,3.49,0.64,0,3342,18715,423.2,123.7,3.58,0.70,0
1789698602.9,195711791104,195060260864,13598982144,0.862,33827,0,549.6,15.9,3.37,0.50,0,2955,14044,275.1,90.9,2.33,0.47,0,2923,13904,274.4,91.7,2.29,0.46,0
1789698604.9,195754795008,195273433088,13598982144,0.790,40143,0,760.0,18.5,4.30,0.61,574,3536,16692,382.8,105.7,2.65,0.62,2,3357,16832,377.3,109.8,938.35,0.61,17
1789698606.9,195739176960,195114471424,13598982144,0.728,51106,0,979.0,18.7,4.53,0.75,643,4563,20900,488.3,104.5,3.52,0.73,46,4586,21054,490.7,104.5,3.55,0.75,49
1789698608.9,195741200384,195388133376,13598982144,0.779,51403,0,889.5,16.9,4.34,0.71,392,3919,21682,447.1,111.4,2.85,0.65,26,3834,21864,442.4,112.7,3.01,0.67,28
1789698610.9,195733835776,195229057024,13598982144,0.829,47779,0,702.0,14.3,3.47,0.57,1014,3442,20599,351.6,99.8,2.36,0.62,20,3317,20732,350.4,103.2,2.55,0.56,25
1789698613.0,195749130240,195013160960,13598982144,0.866,31372,0,474.8,14.8,3.21,0.45,0,2632,12764,238.2,88.4,2.28,0.44,0,2657,12839,236.6,86.9,2.26,0.41,0
1789698615.0,195748212736,195152547840,13598982144,0.841,38190,0,640.3,16.4,3.78,0.68,0,3403,15705,321.2,92.2,2.75,0.57,0,3359,15723,319.1,92.8,2.83,0.56,0
1789698617.0,195744944128,195065733120,13598982144,0.840,39472,0,615.9,15.2,3.23,0.59,20,3464,16132,308.3,86.9,2.19,0.59,2,3432,16451,307.7,87.5,2.30,0.55,3
1789698619.0,195755180032,195198083072,13598982144,0.843,38611,0,651.4,16.5,3.20,0.63,0,3545,15794,326.9,90.1,2.30,0.56,0,3462,15803,324.5,91.5,2.29,0.57,0
1789698621.1,195748265984,195309850624,13598982144,0.849,32932,0,547.3,16.2,3.54,0.58,0,2722,13543,272.8,97.8,2.50,0.54,0,2737,13930,274.6,98.0,1151.65,0.41,0
1789698623.1,195745501184,195051544576,13598982144,0.893,25352,0,409.3,15.8,3.19,0.40,0,2096,10517,206.4,96.2,2.43,0.42,0,2041,10698,202.9,97.1,2.34,0.37,0
1789698625.1,195768487936,195054686208,13598982144,0.852,34406,0,520.2,14.8,3.18,0.52,188,3074,13977,259.8,82.5,2.26,0.43,26,3027,14403,260.5,84.0,2.31,0.60,7
1789698627.1,195766710272,194895364096,13598982144,0.850,47496,0,680.0,14.0,3.01,0.63,108,4049,19531,340.7,82.2,2.26,0.59,11,4048,19834,339.3,81.9,2.23,0.54,10
1789698629.2,195720683520,194940125184,13598982144,0.741,48216,0,855.8,17.3,4.36,0.66,16,3400,20492,429.1,123.3,2.98,0.65,10,3354,20927,426.8,124.3,3.00,0.63,5
1789698631.2,195752288256,195256360960,13598982144,0.828,43524,0,696.4,15.6,3.73,0.56,546,3057,18766,348.6,111.4,2.41,0.54,17,3170,18783,347.8,107.2,2.43,0.55,18
1789698633.2,195741048832,195099627520,13598982144,0.803,44665,0,727.0,15.9,3.82,0.59,41,3019,19322,364.5,117.9,2.68,0.57,12,3073,19003,362.5,115.2,2.69,0.60,19
1789698635.2,195796488192,195875700736,13598982144,0.742,56629,0,1003.4,17.3,4.47,0.74,124,4019,24221,502.4,122.1,2.99,0.73,13,3866,24564,501.0,126.5,3.05,0.71,18
1789698637.3,195815817216,195643449344,13598982144,0.833,41307,0,675.0,16.0,3.70,0.53,236,3288,17275,337.7,100.3,2.48,0.50,13,3182,17617,337.2,103.5,2.61,0.51,16
1789698639.3,195810054144,195323424768,13598982144,0.840,41727,0,632.0,14.8,3.57,0.52,187,3324,17565,315.6,92.7,2.12,0.60,27,3258,17545,316.4,94.8,2.17,0.51,25
1789698641.3,195809779712,195057856512,13598982144,0.867,33703,0,452.4,13.1,3.42,0.43,45,3030,13777,225.7,72.7,1.62,0.42,21,2872,13958,226.7,77.1,1103.78,0.41,21
1789698643.3,195823140864,195845136384,13598982144,0.841,41480,0,635.8,15.0,3.97,0.59,0,2708,18103,319.6,115.2,2.80,0.50,0,2678,17989,316.2,115.3,2.79,0.53,0
1789698645.4,196233895936,196061818880,13598982144,0.860,42565,0,636.8,14.6,3.39,0.51,0,3225,18021,318.6,96.5,2.25,0.52,0,3235,18084,318.2,96.1,2.28,0.52,0
1789698647.5,196151660544,195756744704,13598982144,0.879,30464,0,476.8,15.3,3.46,0.45,127,2543,12787,239.5,92.0,2.14,0.42,23,2459,12716,237.3,94.2,2.23,0.35,17
1789698649.5,196174282752,195818303488,13598982144,0.937,18236,0,245.7,13.2,2.78,0.39,0,1500,7532,123.5,80.4,1.87,0.29,0,1479,7682,122.2,80.7,1.91,0.31,0
1789698651.5,196177121280,195574005760,13598982144,0.832,38086,0,621.9,15.9,3.51,0.49,393,3360,15772,313.9,91.2,2.41,0.48,3,3302,15840,308.0,91.1,2.53,0.48,9
1789698653.5,196157755392,195610787840,13598982144,0.840,34883,0,573.0,16.0,3.72,0.51,393,2995,14350,285.7,93.2,2.72,0.51,6,3029,14510,287.4,92.7,2.68,0.51,6
1789698655.5,196139118592,195780763648,13598982144,0.854,32867,0,509.9,15.2,3.40,0.43,36,2648,13522,256.3,94.5,2.30,0.41,21,2608,13900,253.6,95.0,1218.80,0.43,13
1789698657.6,196119703552,195498684416,13598982144,0.859,33283,0,515.0,15.1,3.30,0.52,0,2908,13837,258.1,86.7,2.27,0.45,0,2906,13632,256.9,86.3,1095.20,0.51,0
1789698659.6,196124696576,195378139136,13598982144,0.774,44457,0,801.9,17.6,4.64,0.62,694,3286,19155,402.1,119.5,3.23,0.59,57,3193,19109,399.9,122.3,3.27,0.59,45
1789698661.6,196114608128,195656339456,13598982144,0.785,47078,0,811.4,16.8,3.87,0.65,0,3937,19383,406.1,100.7,2.78,0.63,0,3934,19536,405.3,100.6,2.76,0.62,0
1789698663.6,196084011008,195550826496,13598982144,0.890,33471,0,491.8,14.3,2.80,0.53,512,3243,13563,245.9,74.0,1.92,0.47,15,3206,13696,246.0,74.9,1.90,0.51,14
1789698665.7,196021706752,195616870400,13598982144,0.917,25154,0,348.1,13.5,2.93,0.39,100,1915,10554,173.2,88.3,1.95,0.47,3,1934,10559,174.9,88.3,1.93,0.35,4
1789698667.7,196120850432,195486846976,13598982144,0.851,34181,0,567.4,16.2,3.21,0.54,627,3067,14044,283.6,90.3,2.24,0.51,54,2973,14313,284.0,93.3,2.19,0.47,40
1789698669.7,196108746752,195610009600,13598982144,0.842,34534,0,587.0,16.6,3.29,0.49,0,3236,14026,293.9,88.7,2.35,0.49,0,3123,13887,292.9,91.6,2.45,0.48,0
1789698671.7,196080762880,195622973440,13598982144,0.905,26154,0,361.5,13.5,2.64,0.50,0,2286,10710,180.9,77.3,1.84,0.44,0,2311,10847,180.6,76.3,1.80,0.42,0
1789698673.8,196105830400,195492827136,13598982144,0.844,36510,0,592.0,15.8,3.09,0.49,438,3399,14842,295.6,84.9,2.15,0.47,11,3452,15017,296.4,83.8,2.18,0.46,17
1789698675.8,196092747776,195701739520,13598982144,0.772,41988,0,750.8,17.5,3.82,0.62,237,3604,17247,373.8,101.3,2.82,0.58,27,3506,17522,376.9,105.0,2.85,0.59,20
1789698677.8,196107722752,195530825728,13598982144,0.691,40873,0,892.4,21.3,4.28,0.67,237,4748,15694,448.7,92.3,3.31,0.67,5,4734,15712,443.7,91.5,3.42,0.66,12
1789698679.8,196078313472,195561398272,13598982144,0.719,41358,0,787.3,18.6,3.99,0.64,0,4191,16460,395.8,92.2,3.35,0.64,0,4052,16546,391.5,94.4,3.37,0.63,0
1789698681.9,196092616704,195682435072,13598982144,0.886,32498,0,544.8,16.4,2.93,0.47,0,2930,13024,271.4,90.4,2.16,0.50,0,2881,13662,273.5,92.7,2.20,0.46,0
1789698683.9,196077281280,195471712256,13598982144,0.729,44437,0,925.3,20.3,4.49,0.70,1323,3892,18477,462.0,115.9,3.51,0.69,24,3888,18807,463.3,116.4,3.55,0.68,26
1789698685.9,196052832256,195594399744,13598982144,0.686,45083,0,944.4,20.5,4.62,0.74,0,4459,17702,472.6,103.5,3.68,0.71,0,4473,17817,471.8,103.0,3.72,0.66,0
1789698688.0,196049412096,195680706560,13598982144,0.856,45629,0,703.4,15.1,3.02,0.59,530,4044,18849,352.0,85.0,789.00,0.58,28,3959,19008,351.5,86.7,2.33,0.53,36
1789698690.0,196050866176,195200892928,13598982144,0.826,39930,0,626.9,15.3,3.18,0.58,0,3458,16368,313.5,88.5,2.47,0.52,0,3388,16486,313.3,90.3,2.54,0.51,0
1789698692.0,195963805696,195332792320,13598982144,0.867,28965,0,494.9,16.7,3.18,0.56,0,2787,11533,247.9,86.9,2.44,0.45,0,2785,11860,247.0,86.6,2.38,0.52,0
1789698694.0,196049465344,195453132800,13598982144,0.933,19530,0,275.5,13.8,2.38,0.30,0,1663,8139,138.2,81.2,1.74,0.36,0,1666,8063,137.3,80.5,1.76,0.31,0
1789698696.1,196061712384,195336282112,13598982144,0.878,32236,0,465.2,14.1,3.09,0.49,0,2914,13367,232.8,78.0,1097.43,0.48,0,2884,13071,232.4,78.7,2.30,0.43,0
1789698698.1,196052885504,195647692800,13598982144,0.863,34903,0,500.4,14.0,3.47,0.50,0,2718,14614,249.2,89.5,2.64,0.47,0,2740,14831,251.2,89.5,2.64,0.37,0
1789698700.1,196055232512,195598782464,13598982144,0.829,40143,0,630.2,15.3,3.07,0.51,0,3911,16175,317.4,79.2,2.38,0.49,0,3966,16090,312.9,77.0,2.50,0.49,0
1789698702.1,196047564800,195597234176,13598982144,0.794,38429,0,659.0,16.7,3.50,0.55,0,3602,15677,329.2,89.2,888.69,0.55,0,3530,15619,329.8,91.2,2.85,0.55,0
1789698704.2,196033695744,195654758400,13598982144,0.869,31093,0,454.6,14.3,3.09,0.53,0,2769,12599,227.0,80.1,2.04,0.41,0,2788,12937,227.6,79.7,2.11,0.53,0
1789698706.2,196044345344,195525251072,13598982144,0.829,34224,0,563.9,16.1,3.17,0.47,0,3174,13657,281.8,86.7,2.50,0.43,0,3153,14240,282.1,87.4,2.51,0.45,0
1789698708.3,196033654784,195440291840,13598982144,0.920,27918,0,386.8,13.5,2.37,0.39,0,2532,11322,193.0,74.5,1.79,0.49,0,2621,11444,193.8,72.2,1.82,0.35,0
1789698710.3,196026707968,195671117824,13598982144,0.883,39263,0,544.8,13.6,3.04,0.54,353,3057,16511,272.6,87.1,2.09,0.46,19,3071,16780,272.2,86.6,2.04,0.51,17
1789698712.3,196027990016,195281276928,13598982144,0.828,43361,0,663.1,14.9,3.13,0.53,346,3969,17732,332.6,81.8,2.30,0.50,20,3946,17710,330.4,81.8,2.33,0.55,16
1789698714.3,195972014080,195385561088,13598982144,0.842,43339,0,656.7,14.8,3.08,0.61,419,4090,17560,330.7,79.0,2.31,0.53,29,4048,17671,326.0,78.7,2.27,0.57,21
1789698716.4,196006551552,195356631040,13598982144,0.874,31243,0,450.9,14.1,2.59,0.47,675,3064,12733,227.0,72.4,1.87,0.44,31,3065,12501,223.9,71.3,1.89,0.39,33
1789698718.4,195999158272,195645743104,13598982144,0.812,34564,0,591.3,16.7,3.77,0.52,0,3280,13753,296.6,88.3,2.58,0.49,0,3175,14054,294.8,90.7,2.59,0.46,0
1789698720.4,195976790016,195565883392,13598982144,0.879,23681,0,387.9,16.0,2.99,0.47,0,2154,9582,194.0,87.9,2.07,0.42,0,2108,9836,193.9,89.8,2.05,0.43,0
1789698722.4,195924459520,195191250944,13598982144,0.929,18434,0,248.8,13.2,2.86,0.32,0,1503,7599,123.5,80.3,2.03,0.33,0,1513,7819,125.3,80.9,2.01,0.48,0
1789698724.5,196003192832,195475484672,13598982144,0.916,22385,0,350.4,15.3,2.17,0.57,367,2598,8618,176.2,66.2,1.45,0.50,16,2522,8808,174.2,67.5,1.50,0.39,17
1789698726.5,196019429376,195432255488,13598982144,0.889,26902,0,404.8,14.7,2.76,0.51,33,2648,10473,201.2,74.2,1.97,0.50,6,2756,10868,203.5,72.1,1.95,0.48,15
1789698728.5,196012945408,195319566336,13598982144,0.841,37717,0,599.2,15.5,3.58,0.59,166,3070,15932,300.6,95.6,2.46,0.54,27,3083,15681,298.6,94.6,2.57,0.50,28
1789698730.6,196026589184,195467120640,13598982144,0.840,30925,0,527.5,16.7,3.86,0.53,0,2681,12720,263.7,96.1,3.04,0.46,0,2604,12865,263.8,98.9,1235.60,0.45,0
1789698732.6,195984621568,195593945088,13598982144,0.806,41217,0,681.8,16.2,4.11,0.58,132,3150,17146,340.7,105.6,3.08,0.55,9,3182,17791,341.1,104.7,3.23,0.50,19
1789698734.6,195973857280,195592683520,13598982144,0.722,46333,0,892.7,18.8,4.02,0.71,0,4370,18617,447.4,100.0,3.07,0.67,0,4445,18850,445.3,97.8,3.26,0.67,0
1789698736.7,195968716800,195120922624,13598982144,0.794,37419,0,622.5,16.2,3.95,0.52,0,3099,15579,311.8,98.3,2.81,0.51,0,3022,15720,310.7,100.4,2.70,0.49,0
1789698738.7,195991044096,195344601088,13598982144,0.869,36493,0,536.7,14.4,2.92,0.50,501,2971,15321,268.8,88.4,2.07,0.45,23,2972,15456,267.9,88.1,2.12,0.43,19
1789698740.7,195977719808,195396136960,13598982144,0.879,33435,0,460.8,13.5,3.32,0.61,196,2800,13780,231.8,80.8,2.44,0.45,14,2713,13995,229.0,82.4,2.49,0.55,21
1789698742.7,195917770752,195482550272,13598982144,0.806,42989,0,704.3,16.0,3.66,0.66,0,3599,17929,353.8,96.0,2.56,0.64,0,3563,17818,350.5,96.1,2.61,0.59,0
1789698744.8,195947089920,195236970496,13598982144,0.907,16975,0,310.1,17.8,2.92,0.57,0,1902,6681,156.0,80.1,2.18,0.59,0,1895,6498,154.1,79.4,2.32,0.27,0
1789698746.8,195971387392,195572101120,13598982144,0.835,41475,0,601.8,14.2,3.41,0.71,0,3206,17327,301.6,91.8,2.46,0.62,0,3249,17693,300.3,90.3,2.39,0.65,0
1789698748.8,195945570304,195309465600,13598982144,0.862,35114,0,527.6,14.7,3.12,0.51,0,3235,14124,264.4,79.8,2.27,0.45,0,3206,14549,263.2,80.2,2.35,0.47,0
1789698750.8,195940900864,195548688384,13598982144,0.864,37770,0,568.6,14.7,3.03,0.56,1187,3308,15743,284.9,84.1,2.46,0.50,24,3354,15929,283.7,82.6,2.53,0.53,23
1789698752.9,195980767232,195541630976,13598982144,0.811,42447,0,746.4,17.2,3.68,0.66,0,3663,17348,373.6,99.6,2.81,0.55,0,3660,17212,372.8,99.5,2.80,0.58,0
1789698754.9,195957620736,196011302912,13598982144,0.858,32606,0,581.4,17.4,3.47,0.53,0,2926,13230,290.7,97.0,2.33,0.46,0,3001,13449,290.7,94.6,2.39,0.49,0
1789698756.9,196020772864,195990147072,13598982144,0.831,42028,0,702.2,16.3,3.72,0.57,83,3271,17753,352.1,105.1,2.57,0.55,24,3279,17740,350.2,104.3,2.66,0.56,28
1789698759.0,196007477248,195909931008,13598982144,0.884,27247,0,449.0,16.1,2.80,0.42,0,2883,10592,223.4,75.7,1.97,0.35,0,2932,10825,225.6,75.1,2.06,0.38,0
1789698761.0,196006182912,195414802432,13598982144,0.893,22854,0,371.0,15.9,2.96,0.45,0,2278,9180,185.6,79.5,2.07,0.42,0,2300,9096,185.5,78.8,1395.47,0.39,0
1789698763.0,196020293632,195506110464,13598982144,0.827,37001,0,580.6,15.3,3.53,0.63,0,3080,15329,289.7,91.9,2.51,0.57,0,3058,15534,290.8,92.9,2.57,0.49,0
1789698765.1,196015419392,195337936896,13598982144,0.836,38892,0,637.9,16.0,3.74,0.60,264,3075,16466,320.0,101.6,1041.72,0.49,23,3035,16424,317.9,102.3,2.77,0.47,19
1789698767.1,196021760000,195487305728,13598982144,0.855,34076,0,564.1,16.2,3.35,0.50,0,2997,13938,283.1,92.3,2.64,0.45,0,3008,14024,281.0,91.2,2.71,0.48,0
1789698769.1,196012281856,195417055232,13598982144,0.922,21830,0,298.1,13.3,2.88,0.39,116,1744,9089,147.7,82.7,1.85,0.33,14,1732,9306,150.4,84.8,1.79,0.32,18
1789698771.1,196008120320,195369447424,13598982144,0.842,34283,0,555.2,15.8,3.60,0.46,0,2571,14474,277.6,105.4,2.50,0.48,0,2559,14637,277.6,105.9,2.51,0.41,0
1789698773.2,195979108352,195263086592,13598982144,0.915,18771,0,299.9,15.6,3.01,0.37,0,1575,7727,149.8,92.8,2.11,0.33,0,1660,7808,150.2,88.3,2.14,0.52,0
1789698775.2,196013559808,195514290176,13598982144,0.896,27803,0,428.1,15.0,2.92,0.42,0,2656,11210,214.9,79.0,1.80,0.38,0,2665,11273,213.2,78.1,1.83,0.34,0
1789698777.2,195964653568,195756863488,13598982144,0.866,30034,0,506.0,16.5,3.31,0.51,0,2684,12096,252.1,91.7,2.22,0.42,0,2724,12530,253.9,91.0,2.36,0.48,0
1789698779.2,196046749696,196091203584,13598982144,0.858,32061,0,560.6,17.1,3.42,0.43,0,2960,12893,280.4,92.5,1092.42,0.47,0,3010,13198,280.2,90.9,2.53,0.42,0
1789698781.3,196043751424,195653881856,13598982144,0.897,23695,0,368.7,15.2,3.10,0.37,0,2164,9758,184.5,83.3,2.00,0.34,0,2207,9567,184.2,81.5,2.13,0.31,0
1789698783.3,196009713664,195448520704,13598982144,0.865,38879,0,545.0,13.7,2.78,0.60,0,3552,15729,271.7,74.7,2.00,0.55,0,3538,16059,273.3,75.5,2.06,0.49,0
1789698785.3,196008042496,195645489152,13598982144,0.831,44114,0,738.2,16.3,2.98,0.58,234,4124,17786,368.5,87.3,2.25,0.58,21,4112,18183,369.6,87.8,2.17,0.57,29
1789698787.3,196015546368,195544817664,13598982144,0.813,51384,0,828.1,15.7,3.22,0.69,18,4968,20587,415.3,81.6,2.48,0.67,10,4921,20816,412.8,81.9,2.55,0.64,8
1789698789.4,195971624960,195167784960,13598982144,0.882,32516,0,516.0,15.5,2.94,0.42,0,3272,13047,257.5,76.9,2.05,0.42,0,3164,13033,258.5,79.8,2.09,0.45,0
1789698791.4,196015767552,195475595264,13598982144,0.808,45385,0,756.0,16.3,3.16,0.61,75,4520,18043,377.9,81.6,2.29,0.62,23,4537,18307,378.1,81.4,2.41,0.62,7
1789698793.4,195986403328,195553046528,13598982144,0.890,31794,0,475.0,14.6,2.51,0.45,0,3225,12579,237.2,71.8,1.78,0.48,0,3174,12794,237.8,73.2,1.87,0.40,0
1789698795.4,195998756864,195528761344,13598982144,0.858,33552,0,557.0,16.2,2.93,0.53,146,3645,13107,279.9,75.0,1.99,0.52,25,3615,13231,277.1,74.9,2.20,0.50,26
1789698797.5,196010856448,195532541952,13598982144,0.736,46100,0,871.4,18.5,4.62,0.64,0,3391,19532,434.8,125.2,3.50,0.63,0,3425,19706,436.6,124.5,3.58,0.67,0
1789698799.5,196006445056,195534397440,13598982144,0.849,35082,0,526.9,14.7,3.50,0.61,0,2801,14606,263.8,92.0,2.21,0.45,0,2792,14883,263.1,92.0,2.34,0.55,0
1789698801.5,195966480384,195657601024,13598982144,0.868,32270,0,485.9,14.7,2.92,0.42,74,3431,12642,244.4,69.6,1.97,0.46,17,3512,12704,241.5,67.2,2.02,0.45,17
1789698803.6,195999719424,195704201216,13598982144,0.809,38718,0,664.9,16.8,3.53,0.57,0,3430,15948,332.8,94.8,2.65,0.55,0,3420,15901,332.1,94.8,2.76,0.51,0
1789698805.6,195953430528,195609686016,13598982144,0.894,25329,0,385.0,14.8,3.52,0.39,132,2072,10449,191.8,90.4,2.18,0.35,4,2071,10799,193.1,91.1,1563.91,0.36,3
1789698807.6,195987275776,195690360832,13598982144,0.871,31710,0,462.0,14.2,3.01,0.39,503,2705,12967,230.9,83.3,1.99,0.40,11,2709,13500,231.1,83.3,1201.57,0.37,18
1789698809.6,195973332992,195481620480,13598982144,0.874,37610,0,558.1,14.5,3.22,0.46,0,2977,15778,280.8,92.1,2.02,0.55,0,2941,15680,277.2,92.1,2.03,0.43,0
1789698811.7,195955105792,195510984704,13598982144,0.864,28439,0,445.8,15.3,3.01,0.48,4,2765,11401,223.1,78.8,1172.26,0.48,4,2688,11584,222.7,80.9,1.88,0.40,0
1789698813.7,195976114176,195480571904,13598982144,0.919,23499,0,326.4,13.6,3.16,0.47,0,1741,9933,162.4,91.1,1.97,0.32,0,1776,10048,164.0,90.2,1.94,0.38,0
1789698815.7,195970686976,195690999808,13598982144,0.897,28520,0,414.0,14.2,2.60,0.49,0,2729,11445,207.2,74.2,1.75,0.50,0,2751,11595,206.7,73.4,1.71,0.38,0
1789698817.7,195937083392,195206103040,13598982144,0.790,36826,0,629.3,16.7,4.21,0.62,0,2756,15921,315.2,111.7,3.10,0.57,0,2733,15417,314.1,112.3,3.34,0.63,0
1789698819.8,195969634304,195497324544,13598982144,0.703,54908,0,1015.1,18.1,5.04,0.78,10,3928,23455,506.5,125.9,3.46,0.80,8,3930,23596,508.6,126.4,3.48,0.76,0
1789698821.8,195973931008,195501600768,13598982144,0.808,45478,0,659.2,14.2,4.18,0.56,135,3415,19056,329.7,94.3,2.20,0.56,17,3441,19611,329.5,93.5,2.24,0.49,23
1789698823.8,195983556608,195294543872,13598982144,0.864,37739,0,546.3,14.1,3.14,0.63,0,3089,15739,272.3,86.1,2.18,0.58,0,3104,15761,274.1,86.2,1050.07,0.51,0
1789698825.8,195939647488,195447357440,13598982144,0.910,23596,0,366.5,15.2,2.66,0.53,0,2268,9551,183.4,79.0,1.79,0.40,0,2311,9465,183.1,77.4,1.77,0.40,0
1789698827.9,195979915264,195594338304,13598982144,0.867,30381,0,428.1,13.8,2.95,0.47,0,2523,12703,213.0,82.4,1.84,0.40,0,2494,12661,215.1,84.2,1.84,0.43,0
1789698829.9,195963486208,195382779904,13598982144,0.751,52887,0,896.2,16.5,4.36,0.69,0,4308,21658,447.8,101.5,2.66,0.69,0,4250,22670,448.4,103.0,769.21,0.67,0
1789698831.9,195998314496,195424555008,13598982144,0.811,41918,0,675.7,15.7,3.69,0.58,0,3496,17387,338.0,94.4,2.29,0.61,0,3533,17501,337.7,93.4,2.30,0.52,0
1789698833.9,195969150976,195301367808,13598982144,0.898,31564,0,451.2,14.0,3.65,0.57,0,2059,13889,225.4,106.9,2.29,0.47,0,2018,13599,225.7,109.2,2.32,0.55,0
1789698836.0,195981942784,195618451456,13598982144,0.909,25187,0,359.0,13.9,3.31,0.45,294,1890,10626,179.5,92.8,2.22,0.49,14,1930,10866,179.5,90.8,2.23,0.32,23
1789698838.0,195998019584,195445579776,13598982144,0.830,35761,0,572.9,15.6,3.48,0.58,0,2941,14864,286.7,95.2,2.24,0.54,0,2854,14975,286.3,98.0,2.40,0.51,0
1789698840.1,195953938432,195326169088,13598982144,0.841,39451,0,594.0,14.7,3.95,0.51,0,2655,17080,298.2,109.7,2.34,0.56,0,2575,17142,295.7,112.2,2.44,0.50,0
1789698842.1,195976757248,195343826944,13598982144,0.852,33727,0,590.8,17.1,4.24,0.56,353,2409,14399,295.9,119.9,2.68,0.55,14,2295,14786,295.0,125.5,2.78,0.54,10
1789698844.1,195996692480,195553832960,13598982144,0.886,27153,0,393.4,14.1,3.28,0.54,0,2103,11469,197.7,91.8,2.18,0.57,0,2089,11329,195.7,91.5,2.14,0.42,0
1789698846.1,195964231680,195369758720,13598982144,0.899,23494,0,339.8,14.1,2.97,0.49,162,1932,9870,169.9,85.9,1.89,0.49,18,1898,9859,169.9,87.4,1.92,0.33,13
1789698848.2,196002070528,195422089216,13598982144,0.826,41386,0,675.7,15.9,3.92,0.62,0,2967,17806,338.1,111.3,2.54,0.57,0,2979,17569,337.7,110.7,2.54,0.59,0
1789698850.2,195998232576,195589185536,13598982144,0.858,34175,0,519.5,14.8,3.52,0.58,0,2708,14179,258.7,93.3,2.24,0.55,0,2652,14637,260.8,96.0,2.25,0.44,0
1789698852.2,195970269184,195220291584,13598982144,0.870,30478,0,463.2,14.8,3.67,0.53,0,2113,13155,233.1,107.7,2.39,0.49,0,2037,13173,230.1,110.3,2.52,0.52,0
1789698854.3,195996377088,195335389184,13598982144,0.873,32679,0,490.7,14.7,3.24,0.52,0,2574,13667,245.2,93.1,1.91,0.50,0,2561,13877,245.5,93.6,2.00,0.48,0
1789698856.3,196001153024,195245211648,13598982144,0.840,37738,0,615.9,15.9,3.31,0.58,0,3021,15803,308.3,99.6,2.20,0.52,0,3053,15860,307.6,98.4,2.18,0.51,0
1789698858.3,195998240768,195347845120,13598982144,0.862,29497,0,480.4,15.9,3.98,0.46,0,2203,12404,240.4,106.6,2.48,0.44,0,2099,12790,240.0,111.6,2.51,0.47,0
1789698860.3,196009340928,195467194368,13598982144,0.861,33387,0,494.5,14.5,3.41,0.49,339,2619,14256,249.5,93.0,2.03,0.48,28,2556,14098,245.0,93.6,2.03,0.51,22
1789698862.4,195999576064,195463094272,13598982144,0.796,49415,0,874.7,17.3,3.73,0.73,339,4246,20543,437.0,100.5,2.36,0.70,21,4150,20481,437.6,103.0,2.40,0.74,21
1789698864.4,195979493376,195492302848,13598982144,0.830,38774,0,658.2,16.6,3.65,0.57,934,3274,16104,328.1,97.9,2.45,0.59,17,3220,16476,330.1,100.1,2.50,0.53,13
1789698866.4,195983126528,195410661376,13598982144,0.821,43359,0,643.9,14.5,3.52,0.52,3,3165,18190,322.1,99.4,2.28,0.51,0,3155,18402,321.8,99.6,2.29,0.51,3
1789698868.4,195965800448,195162378240,13598982144,0.847,48445,0,752.0,15.2,3.34,0.59,0,3570,20761,377.8,103.4,2.22,0.59,0,3480,20635,374.1,105.0,2.35,0.56,0
1789698870.5,195987406848,195332173824,13598982144,0.794,45213,0,768.8,16.6,4.13,0.65,185,3228,19051,384.1,116.2,2.69,0.67,31,3207,19789,384.7,117.1,2.80,0.60,24
1789698872.5,195919978496,195309326336,13598982144,0.872,32207,0,502.0,15.2,3.49,0.58,112,2573,13287,249.9,94.9,2.21,0.51,17,2515,13806,252.1,97.9,2.21,0.49,17
1789698874.5,195967512576,194942619648,13598982144,0.881,31334,0,418.9,13.1,2.98,0.43,0,2414,13184,208.6,84.4,1.84,0.37,0,2440,13258,210.2,84.1,1.87,0.43,0
1789698876.5,195986702336,195339825152,13598982144,0.864,29171,0,461.7,15.5,3.11,0.46,133,2714,11824,231.4,83.3,1.96,0.44,17,2748,11934,230.2,81.8,2.02,0.48,15
1789698878.6,195995049984,195249704960,13598982144,0.901,28320,0,394.5,13.6,3.17,0.36,0,2166,11855,197.2,88.9,1515.07,0.43,0,2178,12072,197.3,88.5,1.96,0.34,0
1789698880.6,195930873856,195256377344,13598982144,0.939,15110,0,215.8,14.0,2.62,0.45,0,1415,6079,107.6,74.3,1.55,0.30,0,1392,6224,108.3,75.9,1.63,0.40,0
1789698882.6,195986845696,195325079552,13598982144,0.919,18893,0,238.9,12.3,2.63,0.49,0,1752,7716,120.3,67.0,1.42,0.42,0,1711,7714,118.6,67.7,1.45,0.51,0
1789698884.7,195991003136,195413282816,13598982144,0.924,25694,0,354.9,13.5,2.74,0.45,0,1932,10967,178.0,90.0,1.63,0.38,0,1804,10992,176.9,95.8,1.77,0.47,0
1789698886.7,195984257024,195514462208,13598982144,0.880,28754,0,433.9,14.7,3.33,0.47,243,2138,12290,217.0,99.1,2.29,0.42,20,2119,12308,216.8,100.0,2.24,0.43,18
1789698888.7,195985797120,195102752768,13598982144,0.866,38929,0,620.5,15.6,4.15,0.57,23,2587,16627,310.6,117.3,2.77,0.56,12,2628,16990,309.9,115.1,2.78,0.57,0
1789698890.8,195986464768,195201585152,13598982144,0.871,34856,0,473.8,13.3,3.60,0.51,0,2313,14898,236.7,99.9,2.11,0.55,0,2306,15335,237.1,100.4,2.24,0.42,0
1789698892.8,195975880704,195466514432,13598982144,0.916,27050,0,342.4,12.4,3.20,0.53,569,1683,11820,171.2,99.3,2.02,0.45,20,1670,12140,171.2,100.2,2.04,0.38,16
1789698894.8,195990040576,195122298880,13598982144,0.911,29289,0,404.5,13.5,3.41,0.49,183,1876,12663,203.1,105.7,2.08,0.42,13,1805,12756,201.5,109.0,2.17,0.44,19
1789698896.8,195939459072,195110473728,13598982144,0.887,26489,0,427.7,15.8,3.90,0.56,460,1781,11436,214.5,117.6,2.70,0.49,10,1781,11632,213.2,116.9,2.79,0.45,13
1789698898.9,196008808448,195562622976,13598982144,0.856,33097,0,443.5,13.1,3.33,0.49,0,3311,13212,222.6,65.6,1.40,0.49,0,3188,13169,220.9,67.7,1.41,0.45,0
1789698900.9,195998801920,196010606592,13598982144,0.941,12469,0,220.6,17.3,3.68,0.47,0,954,5257,110.2,112.9,2.40,0.42,0,926,5332,110.4,116.3,2.31,0.40,0
1789698902.9,195973791744,196042072064,13598982144,0.940,15724,0,230.7,14.3,2.67,0.43,0,1554,6373,115.4,72.5,1.67,0.55,0,1528,6268,115.3,73.7,1.64,0.18,0
1789698904.9,196047093760,196113997824,13598982144,0.942,16633,0,229.7,13.5,2.67,0.39,614,1356,7134,114.9,82.7,1.67,0.51,13,1284,7148,114.8,87.3,1.67,0.20,13
1789698907.0,196056690688,195845951488,13598982144,0.902,25999,0,398.0,15.0,3.42,0.46,452,2051,10965,198.9,94.7,2.09,0.49,17,2026,10875,199.2,96.0,2.10,0.32,16
1789698909.0,196003635200,195706011648,13598982144,0.875,27778,0,469.9,16.5,3.39,0.60,0,2179,11511,235.3,105.4,2.16,0.55,0,2190,11694,234.6,104.6,2.25,0.50,0
1789698911.1,196031500288,195675377664,13598982144,0.930,18326,0,288.8,15.4,3.01,0.61,0,1540,7568,144.2,91.4,2.07,0.62,0,1532,7686,144.7,92.2,2.02,0.28,0
1789698913.1,196040294400,195334778880,13598982144,0.889,26893,0,410.9,14.9,3.58,0.42,498,1925,11577,205.0,104.0,2.09,0.50,10,1901,11723,205.9,105.8,2.09,0.44,17
1789698915.1,195970363392,195677597696,13598982144,0.911,23615,0,351.7,14.5,3.19,0.36,0,1761,9789,174.6,96.8,2.06,0.35,0,1742,10090,177.1,99.3,2.07,0.47,0
1789698917.1,196059242496,195593318400,13598982144,0.869,33548,0,530.0,15.4,3.57,0.54,0,2385,14302,264.3,108.2,2.24,0.55,0,2389,14471,265.7,108.6,2.23,0.44,0
1789698919.2,196064247808,195575554048,13598982144,0.909,31217,0,412.0,12.9,2.95,0.51,0,2169,13446,205.5,92.5,1.83,0.56,0,2153,13448,206.5,93.7,1.84,0.38,0
1789698921.2,196061687808,195332128768,13598982144,0.884,33306,0,466.2,13.7,3.40,0.46,410,2366,14507,234.0,96.6,2.23,0.44,18,2244,14374,232.2,101.1,2.26,0.51,17
1789698923.2,196043571200,195408371712,13598982144,0.805,44019,0,694.2,15.4,4.22,0.56,0,2648,19073,346.8,127.9,2.98,0.51,0,2657,19456,347.4,127.7,2.97,0.52,0
1789698925.2,196059258880,195401252864,13598982144,0.816,39421,0,638.2,15.8,3.96,0.66,0,2900,16661,319.8,107.7,2.55,0.58,0,2891,16968,318.4,107.5,2.52,0.55,0
1789698927.3,196055404544,195578277888,13598982144,0.800,55209,0,945.0,16.7,4.50,0.76,142,3388,24401,473.7,136.5,3.16,0.69,10,3391,24085,471.3,135.7,3.20,0.70,17
1789698929.3,196056973312,195604856832,13598982144,0.805,44675,0,764.7,16.7,4.24,0.64,0,3233,18963,383.8,115.9,2.75,0.59,0,3150,19272,380.9,118.1,2.84,0.63,0
1789698931.3,196017094656,195457835008,13598982144,0.842,40289,0,612.7,14.9,3.29,0.62,706,2912,17421,307.0,102.9,2.12,0.56,20,2945,17340,305.6,101.4,2.17,0.56,17
1789698933.3,196024856576,195438071808,13598982144,0.894,33802,0,498.5,14.4,3.82,0.51,239,2080,14579,249.5,117.2,2.44,0.59,24,2025,14886,249.0,120.1,2.46,0.48,17
1789698935.4,196058222592,195529797632,13598982144,0.873,30853,0,484.0,15.3,3.34,0.67,0,2411,12894,241.6,97.9,2.14,0.54,0,2334,13116,242.3,101.4,2.17,0.51,0
1789698937.4,196052992000,195289894912,13598982144,0.864,37013,0,528.8,14.0,3.31,0.53,0,2659,15886,265.6,97.6,2.16,0.51,0,2590,15879,263.2,99.3,2.17,0.52,0
1789698939.4,196046766080,195587477504,13598982144,0.842,38587,0,577.0,14.6,3.48,0.59,0,2687,16384,288.7,104.9,2.32,0.52,0,2669,16846,288.3,105.5,2.28,0.62,0
1789698941.5,196050210816,195586322432,13598982144,0.812,47297,0,733.4,15.1,3.91,0.59,295,3040,20611,366.9,117.8,2.67,0.58,17,3032,20741,366.5,118.0,2.68,0.59,19
1789698943.5,195931164672,195374686208,13598982144,0.745,47129,0,907.2,18.8,4.96,0.71,0,3079,20540,454.5,144.1,3.39,0.73,0,3033,20348,452.7,145.7,3.63,0.67,0
1789698945.5,196047831040,195410038784,13598982144,0.819,41194,0,669.8,15.9,3.96,0.57,0,2767,17657,334.8,118.2,2.43,0.56,0,2733,18037,335.0,119.7,2.47,0.52,0
1789698947.5,196048355328,195434012672,13598982144,0.826,46146,0,669.6,14.2,3.85,0.60,759,2912,20246,336.1,112.7,2.57,0.51,18,2873,20475,333.5,113.4,2.51,0.58,14
1789698949.6,196035514368,195597729792,13598982144,0.865,34218,0,499.0,14.2,3.71,0.48,521,2366,14607,250.1,103.2,2.32,0.48,26,2282,14837,248.9,106.5,2.37,0.41,23
1789698951.6,196050825216,195567869952,13598982144,0.766,42067,0,735.9,17.1,4.40,0.71,626,2893,17906,367.8,124.2,2.97,0.68,27,2847,18471,368.1,126.3,3.03,0.67,25
1789698953.6,196031168512,195320684544,13598982144,0.740,51967,0,881.8,16.6,4.80,0.66,8,3161,22639,443.0,136.9,3.51,0.64,4,3090,22795,438.9,138.7,3.62,0.64,3
1789698955.6,196026634240,195427758080,13598982144,0.887,31151,0,473.6,14.8,3.39,0.63,0,2213,13113,235.9,104.1,2.16,0.55,0,2159,13665,237.8,107.5,2.26,0.56,0
1789698957.7,196042690560,195557056512,13598982144,0.803,40186,0,717.4,17.4,3.84,0.60,2,3295,16836,359.4,106.5,2.41,0.63,0,3158,16898,358.0,110.7,2.62,0.54,2
1789698959.7,196025532416,195338616832,13598982144,0.805,47794,0,770.1,15.7,3.87,0.70,0,3343,20598,385.6,112.7,2.59,0.59,0,3374,20479,384.5,111.3,2.62,0.64,0
1789698961.7,196043640832,195450916864,13598982144,0.789,42773,0,696.9,15.9,4.21,0.57,0,2586,18626,348.0,131.4,2.92,0.56,0,2720,18841,348.9,125.3,2.83,0.53,0
1789698963.7,196045758464,195480121344,13598982144,0.811,37143,0,672.9,17.7,4.29,0.68,240,2755,15789,335.0,118.8,2.82,0.71,29,2696,15990,337.9,122.4,2.96,0.64,35
1789698965.8,196036820992,195624468480,13598982144,0.808,45262,0,725.7,15.7,3.59,0.59,0,3063,19563,363.5,115.9,1086.02,0.56,0,3138,19411,362.3,112.7,2.59,0.56,0
1789698967.8,196043190272,195118858240,13598982144,0.844,42801,0,620.2,14.2,3.45,0.52,0,2977,18279,310.0,101.7,2.17,0.54,0,2950,18596,310.2,102.7,2.20,0.48,0
1789698969.8,196039540736,195677028352,13598982144,0.808,43993,0,722.7,16.0,3.72,0.65,675,3296,18894,361.7,107.2,2.69,0.60,56,3266,18820,361.0,107.9,2.79,0.58,47
1789698971.8,196035698688,195433623552,13598982144,0.856,41256,0,675.5,16.0,3.48,0.63,397,3176,17322,337.0,103.6,2.23,0.61,17,3074,17580,338.5,107.5,2.33,0.55,17
1789698973.9,196040462336,195516284928,13598982144,0.815,46217,0,724.9,15.3,4.14,0.59,0,3039,19921,361.2,116.1,2.79,0.64,0,2990,20089,363.7,118.8,2.80,0.58,0
1789698975.9,196031451136,195487617024,13598982144,0.840,43896,0,665.5,14.8,3.61,0.60,0,3115,18972,333.8,104.6,2.24,0.59,0,3048,18761,331.7,106.3,2.30,0.61,0
1789698978.0,195970719744,195262795776,13598982144,0.866,36226,0,495.4,13.4,3.65,0.52,0,2240,15906,248.3,108.3,2.40,0.52,0,2198,15883,247.1,109.8,2.46,0.43,0
1789698980.0,196042137600,195429740544,13598982144,0.821,44704,0,671.0,14.7,3.67,0.62,1134,3282,19444,336.7,100.2,2.41,0.58,24,3267,19246,334.3,99.9,2.42,0.60,19
1789698982.0,196036632576,195563298816,13598982144,0.779,46050,0,762.1,16.2,4.93,0.66,0,2834,19964,381.6,131.5,3.19,0.64,0,2827,19887,380.5,131.4,3.12,0.72,0
1789698984.1,196030115840,195639054336,13598982144,0.894,36475,0,458.7,12.3,3.25,0.46,0,2380,15986,230.0,94.4,2.20,0.42,0,2355,15754,228.7,94.8,2.24,0.41,0
1789698986.1,195974795264,195569147904,13598982144,0.893,30889,0,418.9,13.2,3.24,0.50,0,2196,13254,209.2,93.0,1.94,0.49,0,2164,13276,209.7,94.6,1.98,0.40,0
1789698988.1,196024016896,195505786880,13598982144,0.855,37124,0,549.1,14.4,3.48,0.51,422,2638,15802,274.0,101.4,2.06,0.44,25,2652,16216,275.1,101.3,2.10,0.48,19
1789698990.2,196039376896,195542405120,13598982144,0.933,26511,0,326.4,12.0,2.68,0.55,0,1994,11076,163.4,80.0,1.68,0.49,0,2072,11182,163.0,76.8,1.62,0.40,0
1789698992.2,196016672768,195625459712,13598982144,0.819,37101,0,611.1,16.1,3.50,0.49,612,2886,15562,304.3,103.0,2.49,0.51,16,2814,16127,306.8,106.5,2.47,0.51,10
1789698994.2,195995774976,195441942528,13598982144,0.761,55999,0,964.6,16.8,4.37,0.72,8,3585,24320,482.3,131.4,3.20,0.71,3,3506,24299,482.3,134.3,3.37,0.71,4
1789698996.2,196040212480,195342778368,13598982144,0.888,36076,0,503.3,13.6,3.29,0.55,0,2643,15236,250.7,92.6,2.04,0.52,0,2674,15523,252.6,92.3,2.02,0.54,0
1789698998.3,196045815808,195063083008,13598982144,0.886,32348,0,484.4,14.6,3.57,0.61,0,2414,13767,242.3,98.0,2.19,0.60,0,2368,13799,242.1,99.8,1405.05,0.49,0
1789699000.3,196027920384,195245805568,13598982144,0.866,36120,0,547.8,14.8,3.29,0.49,0,2772,15015,273.1,96.2,2.13,0.46,0,2738,15595,274.7,98.0,2.26,0.46,0
1789699002.3,196038950912,195350745088,13598982144,0.878,33425,0,484.8,14.2,3.65,0.53,0,2286,14426,242.7,103.7,2.22,0.52,0,2306,14407,242.1,102.5,2.19,0.45,0
1789699004.4,196044808192,195243331584,13598982144,0.896,27723,0,378.9,13.3,3.13,0.40,915,2405,11573,188.7,76.6,1.92,0.41,36,2388,11778,190.2,77.8,1.88,0.33,28
1789699006.4,196010135552,195344392192,13598982144,0.921,20949,0,268.7,12.5,2.60,0.54,201,1771,8321,133.2,73.4,1.56,0.44,19,1796,8721,135.5,73.7,1.60,0.46,18
1789699008.4,196046188544,195467603968,13598982144,0.812,45418,0,746.1,16.0,4.12,0.57,792,2929,20047,374.6,124.9,2.83,0.56,9,2864,19880,371.5,126.7,2.80,0.56,9
1789699010.4,196036132864,195953217536,13598982144,0.719,52125,0,864.7,16.2,4.96,0.66,0,3635,22030,431.4,115.9,3.20,0.67,0,3566,22512,433.3,118.7,3.17,0.66,0
1789699012.5,195974660096,195959881728,13598982144,0.848,55140,0,785.0,13.9,3.48,0.67,351,3527,24082,393.3,108.9,2.44,0.63,21,3461,24225,391.7,110.5,2.52,0.65,18
1789699014.5,196098994176,196040855552,13598982144,0.815,46594,0,856.0,17.9,4.43,0.65,0,3395,19859,427.6,123.0,2.65,0.64,0,3433,19753,428.4,121.9,2.58,0.63,0
1789699016.5,196144934912,195911839744,13598982144,0.840,40496,0,702.9,16.9,3.78,0.55,27,2824,17202,350.6,121.2,2.68,0.53,8,2902,17569,352.3,118.6,2.76,0.58,17
1789699018.5,196154707968,195907887104,13598982144,0.833,44056,0,748.8,16.6,4.15,0.60,0,3133,18730,373.8,116.5,2.68,0.55,0,3149,19044,375.0,116.3,2.72,0.58,0
1789699020.6,196151644160,195780235264,13598982144,0.768,46113,0,854.9,18.1,4.67,0.65,4,3035,19913,428.0,137.7,3.39,0.62,4,2966,20199,426.9,140.6,3.48,0.64,0
1789699022.6,196129849344,195793797120,13598982144,0.781,50909,0,796.9,15.3,4.51,0.62,0,3176,22270,397.9,122.3,2.75,0.61,0,3186,22276,399.0,122.3,2.90,0.60,0
1789699024.6,196144308224,195733229568,13598982144,0.894,34123,0,456.4,13.1,3.04,0.43,0,2455,14513,227.7,90.6,1.82,0.44,0,2366,14790,228.7,94.4,1.92,0.38,0
1789699026.6,196145508352,195900674048,13598982144,0.865,36459,0,523.0,14.0,3.41,0.45,0,2463,15766,261.9,103.8,2.29,0.46,0,2437,15792,261.1,104.6,2.28,0.47,0
1789699028.7,196030328832,195616043008,13598982144,0.881,25858,0,450.5,17.0,3.37,0.46,682,2425,10574,226.0,91.0,2.00,0.40,18,2362,10816,224.5,92.8,2.10,0.42,17
1789699030.7,196132888576,195600814080,13598982144,0.843,36610,0,633.5,16.9,3.85,0.49,24,2925,15011,315.8,105.5,2.43,0.48,6,2865,15491,317.7,108.3,2.51,0.49,16
1789699032.7,196110495744,195427536896,13598982144,0.875,34843,0,546.2,15.3,3.27,0.47,917,2999,14667,272.6,88.7,2.11,0.42,18,2966,14644,273.6,90.1,2.19,0.45,20
1789699034.7,196109275136,195633025024,13598982144,0.860,29273,0,537.5,17.9,3.59,0.46,0,2674,11721,270.0,98.6,2.34,0.42,0,2562,11883,267.5,102.0,2.42,0.42,0
1789699036.7,196108853248,195661877248,13598982144,0.884,27252,0,440.4,15.8,3.40,0.39,498,2399,11254,220.3,89.7,2.04,0.39,19,2286,11540,220.2,94.1,2.08,0.42,22
1789699038.8,196105134080,195597844480,13598982144,0.777,46796,0,827.3,17.3,3.81,0.66,90,3895,19543,414.7,104.0,2.89,0.63,13,3837,19332,412.6,105.0,2.71,0.62,2
1789699040.8,196106260480,195735191552,13598982144,0.808,45746,0,744.5,15.9,3.86,0.59,0,3392,19457,372.4,107.2,2.73,0.58,0,3318,19542,372.1,109.5,2.68,0.58,0
1789699042.8,196093931520,195718582272,13598982144,0.904,26262,0,416.4,15.5,2.90,0.39,0,2629,10461,208.5,77.5,1.63,0.42,0,2504,10668,207.9,81.1,1.70,0.40,0
1789699044.8,196097736704,195640807424,13598982144,0.894,28355,0,398.5,13.7,3.28,0.53,0,2064,12018,199.4,94.4,1.99,0.41,0,2044,12228,199.1,95.1,1.99,0.45,0
1789699046.9,196041494528,195596738560,13598982144,0.902,31553,0,413.7,12.8,3.03,0.52,0,2181,13498,206.5,92.5,2.08,0.45,0,2205,13669,207.2,91.8,2.15,0.39,0
1789699048.9,196104970240,195645550592,13598982144,0.837,43869,0,679.5,15.1,3.98,0.52,0,2980,18934,340.0,111.4,2.71,0.52,0,2913,19042,339.5,113.8,2.83,0.52,0
1789699050.9,196057473024,195318067200,13598982144,0.791,41049,0,713.3,17.0,3.72,0.60,0,3284,17168,357.5,106.3,2.80,0.62,0,3372,17225,355.8,103.1,3.01,0.54,0
1789699052.9,196059914240,195387314176,13598982144,0.886,31520,0,466.4,14.5,3.40,0.50,206,2239,13433,232.8,101.5,2.40,0.47,12,2178,13757,233.6,104.7,2.48,0.45,14
1789699055.0,196103491584,195466006528,13598982144,0.853,50375,0,697.0,13.5,2.94,0.59,238,4118,20919,348.9,82.7,2.12,0.59,17,4150,21201,348.1,81.9,2.13,0.59,17
1789699057.0,196101132288,195465465856,13598982144,0.893,32471,0,437.8,13.2,3.18,0.54,123,2383,14000,219.0,89.7,2.07,0.50,9,2345,13696,218.8,91.1,2.04,0.43,5
1789699059.0,196087431168,195572416512,13598982144,0.884,36106,0,491.3,13.3,2.84,0.44,223,3169,15041,246.9,76.1,1.89,0.39,15,3135,14802,244.3,76.1,2.05,0.40,16
1789699061.0,196096139264,195622334464,13598982144,0.892,33634,0,463.3,13.5,2.95,0.46,0,2972,13734,231.4,76.0,1.79,0.38,0,2966,13867,232.0,76.4,1.86,0.46,0
1789699063.1,196102983680,195447619584,13598982144,0.900,25515,0,352.7,13.5,2.21,0.32,0,2651,10082,177.1,65.2,1.83,0.47,0,2546,10236,175.6,67.4,1.83,0.34,0
1789699065.1,196106305536,195424661504,13598982144,0.880,29191,0,424.5,14.2,2.92,0.55,0,2549,12054,213.5,81.8,2.12,0.45,0,2531,12058,211.1,81.4,2.15,0.47,0
1789699067.1,196101115904,195214622720,13598982144,0.860,40427,0,553.4,13.4,3.19,0.48,0,3342,16893,277.2,81.0,2.15,0.48,0,3254,16938,276.1,82.9,2.14,0.44,0
1789699069.1,196078284800,195413159936,13598982144,0.863,34173,0,535.3,15.3,3.52,0.50,0,2499,14334,267.2,104.4,2.36,0.52,0,2496,14844,268.1,104.9,2.57,0.45,0
1789699071.1,196039282688,195658964992,13598982144,0.908,27323,0,335.2,12.0,2.46,0.38,213,2257,11408,168.0,72.7,1.69,0.37,4,2262,11496,167.3,72.2,1.63,0.31,7
1789699073.2,196035256320,195429240832,13598982144,0.876,35177,0,508.6,14.1,3.30,0.48,572,2745,14742,253.9,90.3,2.04,0.45,7,2695,15171,254.7,92.3,2.11,0.45,7
1789699075.2,196080152576,195489312768,13598982144,0.817,48872,0,766.4,15.3,3.56,0.64,341,3917,20492,382.5,95.4,2.64,0.60,16,3915,20425,383.9,95.8,2.78,0.59,18
1789699077.2,196075618304,195305115648,13598982144,0.854,34005,0,530.0,15.2,3.66,0.51,245,2676,14191,264.9,96.7,2.44,0.42,15,2648,14443,265.2,97.8,2.62,0.44,14
1789699079.3,196070916096,195554766848,13598982144,0.919,26255,0,342.1,12.7,2.75,0.48,0,2222,10759,171.5,75.4,1.92,0.37,0,2233,10937,170.6,74.6,1.90,0.41,0
1789699081.3,196006408192,195593900032,13598982144,0.890,29721,0,458.4,15.1,3.22,0.48,0,2402,12377,228.4,92.9,2.25,0.48,0,2455,12488,230.0,91.5,2.26,0.43,0
1789699083.3,196074147840,195491377152,13598982144,0.908,27186,0,383.9,13.8,3.22,0.52,257,1969,11595,192.7,95.6,2.18,0.45,16,1956,11776,191.2,95.4,2.33,0.38,16
1789699085.3,196072271872,195444563968,13598982144,0.896,38000,0,469.1,12.1,2.69,0.64,0,2919,16075,235.0,78.6,1.73,0.52,0,2900,15994,234.0,78.8,1.78,0.52,0
1789699087.4,196061003776,195428671488,13598982144,0.912,29333,0,373.8,12.4,2.77,0.59,36,2308,12278,186.7,79.0,1.84,0.36,16,2273,12477,187.1,80.4,1.96,0.51,14
1789699089.4,196071976960,195557724160,13598982144,0.864,35414,0,500.5,13.8,2.80,0.49,0,3269,14355,250.1,74.7,2.08,0.46,0,3265,14522,250.5,74.9,2.26,0.47,0
1789699091.4,196068216832,195350605824,13598982144,0.860,48649,0,649.4,13.0,2.99,0.56,285,3723,20466,325.4,85.4,2.05,0.61,18,3752,20828,324.0,84.3,2.15,0.50,24
1789699093.4,196058615808,195672563712,13598982144,0.745,47051,0,859.6,17.8,3.86,0.66,0,4333,19135,430.6,97.1,2.95,0.66,0,4357,19106,429.0,96.2,3.17,0.63,0
1789699095.5,196008247296,195372752896,13598982144,0.887,34213,0,480.7,13.7,3.07,0.58,238,2867,14318,241.9,82.4,2.00,0.45,51,2750,14350,238.8,84.8,2.04,0.54,40
1789699097.5,195999191040,195590139904,13598982144,0.797,46661,0,752.2,15.7,3.87,0.62,0,3810,19392,375.9,96.3,2.69,0.63,0,3879,19506,376.3,94.7,2.75,0.62,0
1789699099.5,196063150080,195350147072,13598982144,0.906,21366,0,312.6,14.3,3.14,0.46,0,1805,8848,156.5,84.7,2.24,0.35,0,1778,8936,156.1,85.8,2.25,0.42,0
1789699101.5,196064071680,195572183040,13598982144,0.856,37549,0,546.9,14.2,3.38,0.52,0,2824,15818,274.4,94.9,2.34,0.48,0,2760,16146,272.5,96.4,2.29,0.47,0
1789699103.5,196064235520,195320188928,13598982144,0.751,54240,0,894.9,16.1,4.34,0.70,232,4014,23091,446.7,108.7,3.10,0.69,52,3946,23234,448.2,110.9,860.35,0.66,60
1789699105.6,196073476096,196101046272,13598982144,0.796,47751,0,817.0,16.7,3.74,0.63,310,4041,19886,408.0,98.6,843.54,0.62,16,4064,19850,409.0,98.3,2.91,0.61,21
1789699108.0,196146540544,195632201728,3505389568,0.680,37719,0,650.2,16.8,4.39,0.56,0,2619,16154,325.1,121.2,2.93,0.51,0,2659,16174,325.1,119.4,3.13,0.54,0
1789699110.0,196292444160,195574886400,3505389568,0.053,0,0,0.0,0,0,0.00,0,0,0,0.0,0,0,0.00,0,0,0,0.0,0,0,0.00,0
1789699112.0,196444282880,195575496704,3505389568,0.040,0,0,0.0,0,0,0.00,0,0,0,0.0,0,0,0.00,0,0,0,0.0,0,0,0.00,0
1789699114.0,196514795520,195690250240,2901409792,0.049,0,0,0.0,0,0,0.00,0,0,0,0.0,0,0,0.00,0,0,0,0.0,0,0,0.00,0
